ea_id,com_cf00,com_cf29,com_cf30,com_cf31,com_cf32a,com_cf32b,com_cf33,com_cf34,com_cf35_oth,com_cf35a,com_cf35b,com_cf35c,com_cf35d,com_cf35e
10101101,101,AFIKEPO,INCREASECROP YIELDS,10,SEPTEMBER,2017,EXTERNAL SOURCES ONLY,DIFD,,YES,YES,NO,NO,NO
10101103,101,AFIKEPO,INCREASECROP YIELDS,3,OCTOBER,2018,EXTERNAL SOURCES ONLY,JICCA,,YES,YES,NO,NO,NO
10101106,101,IRRIGATION,INCREASECROP YIELDS,202,JULY,2009,FARMERS ONLY,NORAID,Cement and pipes,NO,NO,NO,NO,YES
10102107,101,AFIKEPO,INCREASECROP YIELDS,100,JUNE,2018,EXTERNAL SOURCES ONLY,UNDP,,YES,YES,NO,NO,NO
10102109,101,CADECOM,AGRO-FORESTRY PRACTICES,2,OCTOBER,2018,EXTERNAL SOURCES ONLY,UNDP,,YES,YES,NO,NO,NO
10102110,101,MWAKASOLE IRRIGATION SCHEME,INCREASECROP YIELDS,600,NOVEMBER,2004,FARMERS ONLY,,food and money,YES,NO,NO,NO,YES
10103111,101,AFIKEPO,INCREASECROP YIELDS,38,DECEMBER,2019,EXTERNAL SOURCES ONLY,UNDP,,YES,YES,NO,NO,NO
10103112,101,PASSON,INCREASECROP YIELDS,180,JANUARY,2014,EXTERNAL SOURCES ONLY,TOTAL LAND CARE,,YES,YES,NO,NO,NO
10105114,101,TOTAL LAND  CARE,LIVESTOCK-PRODUCTION,11,DECEMBER,2015,EXTERNAL SOURCES ONLY,TOTAL LAND CARE,,YES,YES,NO,NO,NO
10105115,101,ASWAP,IRRIGATION,95,OCTOBER,2011,EXTERNAL SOURCES ONLY,UNDP,,YES,NO,NO,NO,NO
10106117,101,EVAGERICAL ASSOCIATION OF MALAWI,LIVESTOCK-PRODUCTION,30,JUNE,27,EXTERNAL SOURCES ONLY,CARE INTERNATIONAL,PASSION,YES,NO,NO,NO,YES
10109120,101,AFIKEPO KULIMA,INCREASECROP YIELDS,8,JULY,2018,EXTERNAL SOURCES ONLY,UNDP,,YES,YES,NO,NO,NO
10109121,101,LUSUBILO,INCREASECROP YIELDS,10,OCTOBER,2014,EXTERNAL SOURCES ONLY,NORAID,,YES,YES,NO,NO,NO
10120122,101,LUSUBILO ORPHAN CARE,INCREASECROP YIELDS,30,JULY,2012,EXTERNAL SOURCES ONLY,CARLA,likuni phala,YES,YES,NO,NO,YES
10201125,101,TOTAL LAND,INCREASECROP YIELDS,24,AUGUST,2018,EXTERNAL SOURCES ONLY,UNDP,,YES,YES,NO,NO,NO
10201127,101,AFIKEPO,INCREASECROP YIELDS,1,SEPTEMBER,2019,EXTERNAL SOURCES ONLY,UNDP,,YES,YES,NO,NO,NO
10202129,101,AFIKEPO,AGRO-FORESTRY PRACTICES,35,FEBRUARY,2018,EXTERNAL SOURCES ONLY,UNDP,Supply animals,YES,YES,NO,NO,YES
10202129,102,KULIMA,INCREASECROP YIELDS,30,FEBRUARY,2018,EXTERNAL SOURCES ONLY,UNDP,,YES,NO,YES,NO,NO
10203130,101,NONE,,,,,,,,,,,,
10203134,101,KULIMA PROJECT,IMPROVE SOIL QUALITY,11,DECEMBER,2018,EXTERNAL SOURCES ONLY,UNDP,,YES,NO,NO,NO,NO
10203135,103,SHA,INCREASECROP YIELDS,30,AUGUST,2018,FARMERS &amp; EXTERNAL SOURCES,DIFD,,NO,YES,NO,NO,NO
10203135,102,FORCUS,INCREASECROP YIELDS,45,JANUARY,2019,FARMERS &amp; EXTERNAL SOURCES,DIFD,,YES,YES,NO,NO,NO
10203135,101,AFIKEPO,INTRODUCE LEGUME COVER CROPS,60,JANUARY,2019,EXTERNAL SOURCES ONLY,DIFD,,YES,YES,NO,NO,NO
10204138,101,CHONANGA IRRIGATION SCHEME,INCREASECROP YIELDS,55,JANUARY,2016,FARMERS ONLY,,To help farmers to sustain their living after the sale of the produce since the don't have any external funding,NO,NO,NO,NO,YES
10204139,101,RICE MULTIPLICATION FARMING,INCREASECROP YIELDS,36,JANUARY,2018,FARMERS &amp; EXTERNAL SOURCES,UNDP,,NO,NO,YES,NO,NO
10205141,102,FARMERS WORLD,IMPROVE SOIL QUALITY,11,NOVEMBER,2019,EXTERNAL SOURCES ONLY,UNDP,,NO,YES,NO,NO,NO
10205141,101,LUSUBILO,INCREASECROP YIELDS,125,OCTOBER,2004,EXTERNAL SOURCES ONLY,UNDP,,YES,YES,NO,NO,NO
10205142,101,FARMER FIELD SCHOOL,IMPROVE SOIL QUALITY,900,JANUARY,2018,EXTERNAL SOURCES ONLY,UNDP,,YES,NO,NO,NO,NO
10220145,101,AFIKEPO,INCREASECROP YIELDS,300,JUNE,2019,FARMERS &amp; EXTERNAL SOURCES,UNDP,,YES,YES,NO,NO,NO
10301150,101,AFIKEPO,INCREASECROP YIELDS,35,MARCH,2019,EXTERNAL SOURCES ONLY,UNDP,,YES,NO,NO,NO,NO
10304154,101,BANDEYA RICE SCHEME,INCREASECROP YIELDS,200,AUGUST,2018,FARMERS &amp; EXTERNAL SOURCES,NASFAM,,YES,NO,YES,NO,NO
10306157,101,FIND OUR FEET,IMPROVE SOIL QUALITY,15,JANUARY,2017,EXTERNAL SOURCES ONLY,TOTAL LAND CARE,LIVESTOCK,YES,YES,NO,NO,YES
10306158,101,AFIKEPO,INCREASECROP YIELDS,30,JUNE,2019,FARMERS &amp; EXTERNAL SOURCES,UNDP,,NO,YES,NO,NO,NO
10308160,101,ACTION,LIVESTOCK-PRODUCTION,35,MARCH,2019,FARMERS &amp; EXTERNAL SOURCES,NORAID,providing farmers with pigs,YES,NO,NO,NO,YES
10310163,101,MDF,LIVESTOCK-PRODUCTION,3,JULY,2000,FARMERS &amp; EXTERNAL SOURCES,DIFD,,YES,NO,NO,NO,NO
10312165,101,AFIKEPO,INCREASECROP YIELDS,30,DECEMBER,2018,FARMERS &amp; EXTERNAL SOURCES,UNDP,,YES,YES,YES,NO,NO
10404179,101,PASS ON PROJECT,LIVESTOCK-PRODUCTION,10,APRIL,2011,EXTERNAL SOURCES ONLY,TOTAL LAND CARE,,YES,NO,NO,NO,NO
10408185,101,FIND YOUR FEET,NEW/IMPROVED VARIETIES,200,JULY,2015,EXTERNAL SOURCES ONLY,UNDP,Free Livestock,YES,YES,NO,NO,YES
10409186,101,TOTAL LAND CARE,CONSERVATION AGRICULTURE,40,OCTOBER,2019,EXTERNAL SOURCES ONLY,TOTAL LAND CARE,,YES,YES,NO,NO,NO
10410187,101,GREEN BEIT,INCREASECROP YIELDS,10,NOVEMBER,2010,EXTERNAL SOURCES ONLY,DIFD,,YES,NO,NO,NO,NO
10502193,101,FIND YOUR FEET,IMPROVE SOIL QUALITY,3,OCTOBER,2016,EXTERNAL SOURCES ONLY,NORAID,,YES,NO,NO,NO,NO
10502195,101,MAFA PROJECT,INTRODUCE LEGUME COVER CROPS,20,MARCH,2013,EXTERNAL SOURCES ONLY,CARE INTERNATIONAL,Farmers are given inputs in return they pay back double the input given,NO,NO,NO,NO,YES
10502196,101,AFIKEPO,IMPROVE SOIL QUALITY,84,JULY,2019,EXTERNAL SOURCES ONLY,UNDP,,YES,NO,NO,NO,NO
10505200,101,CCJP,INTRODUCE LEGUME COVER CROPS,76,SEPTEMBER,2019,EXTERNAL SOURCES ONLY,NORAID,,NO,YES,NO,NO,NO
10506202,101,TIYENI PROJECT,INCREASECROP YIELDS,45,APRIL,2019,EXTERNAL SOURCES ONLY,NORAID,,YES,NO,NO,NO,NO
10507205,101,KAPUNTHUKA FFS,INCREASECROP YIELDS,30,DECEMBER,2018,FARMERS &amp; EXTERNAL SOURCES,NORAID,,NO,YES,NO,NO,NO
10508206,101,TOTAL LAND CARE,INTRODUCE LEGUME COVER CROPS,250,JULY,2016,FARMERS ONLY,TOTAL LAND CARE,,YES,YES,NO,NO,NO
10508206,102,ACTION AID,LIVESTOCK-PRODUCTION,250,JUNE,2001,EXTERNAL SOURCES ONLY,CARE INTERNATIONAL,,YES,YES,NO,NO,NO
10508206,103,NASFAM,INCREASECROP YIELDS,40,FEBRUARY,2014,EXTERNAL SOURCES ONLY,NASFAM,,YES,NO,YES,NO,NO
10508206,104,AFIKEPO,INTRODUCE LEGUME COVER CROPS,250,JANUARY,2018,EXTERNAL SOURCES ONLY,UNDP,,YES,YES,NO,NO,NO
10508206,105,SMALL HOLDER FARMERS,INTRODUCE LEGUME COVER CROPS,5,FEBRUARY,1984,EXTERNAL SOURCES ONLY,ICRAF,,YES,YES,YES,NO,NO
10510209,101,TOTAL LAND CARE,AGRO-FORESTRY PRACTICES,40,SEPTEMBER,2017,EXTERNAL SOURCES ONLY,TOTAL LAND CARE,,NO,YES,NO,NO,NO
20104240,101,FINCA FAO,INCREASECROP YIELDS,75,JANUARY,2017,EXTERNAL SOURCES ONLY,TOTAL LAND CARE,,YES,YES,NO,NO,NO
20106241,101,CENTRAL FARM,INCREASECROP YIELDS,105,JANUARY,2019,EXTERNAL SOURCES ONLY,NORAID,,YES,NO,NO,NO,NO
20106242,101,NASFAM,INCREASECROP YIELDS,50,JANUARY,2010,EXTERNAL SOURCES ONLY,NASFAM,,YES,NO,YES,NO,NO
20107243,101,FAO,LIVESTOCK-PRODUCTION,30,NOVEMBER,2018,FARMERS &amp; EXTERNAL SOURCES,DIFD,,YES,YES,NO,NO,NO
20109244,103,FAO,NEW/IMPROVED VARIETIES,30,JUNE,2018,FARMERS ONLY,DIFD,,NO,YES,NO,NO,NO
20109244,101,ASWAP,INCREASECROP YIELDS,30,DECEMBER,2018,FARMERS ONLY,DIFD,,NO,YES,NO,NO,NO
20109244,102,PLAN MALAWI INTERNATIONAL,NEW/IMPROVED VARIETIES,30,JUNE,2018,FARMERS ONLY,DIFD,,NO,YES,NO,NO,NO
20109244,104,TAP,NEW/IMPROVED VARIETIES,12,AUGUST,2018,FARMERS ONLY,DIFD,,YES,YES,NO,NO,NO
20109244,105,SAF,NEW/IMPROVED VARIETIES,63,AUGUST,2017,FARMERS ONLY,DIFD,,YES,YES,NO,NO,NO
20109245,102,PLAN MALAWI,REDUCE SOIL EROSION,35,JANUARY,2018,FARMERS ONLY,CARE INTERNATIONAL,,YES,YES,NO,NO,NO
20109245,103,TAP,LIVESTOCK-PRODUCTION,33,MARCH,2016,FARMERS ONLY,JICCA,,YES,YES,NO,NO,NO
20109245,101,LIMBE LEAF,CONSERVATION AGRICULTURE,72,JANUARY,2014,FARMERS &amp; EXTERNAL SOURCES,DIFD,,YES,NO,YES,NO,NO
20110246,101,FAO PROJECT,INCREASECROP YIELDS,4,JANUARY,2019,EXTERNAL SOURCES ONLY,NASFAM,,YES,NO,YES,NO,NO
20112247,101,ALLIANCE 1,NEW/IMPROVED VARIETIES,20,JANUARY,2017,EXTERNAL SOURCES ONLY,DIFD,,YES,NO,YES,NO,NO
20115249,101,NASFAM,INCREASECROP YIELDS,250,JANUARY,2018,FARMERS ONLY,NASFAM,,YES,NO,YES,YES,NO
20119250,101,TOBACCO PROJECT,INCREASECROP YIELDS,20,JANUARY,2014,EXTERNAL SOURCES ONLY,TOTAL LAND CARE,,YES,NO,YES,NO,NO
20122254,101,JAPANESE INTERNATIONAL TOBACCO,AGRO-FORESTRY PRACTICES,22,JANUARY,2015,EXTERNAL SOURCES ONLY,JICCA,,YES,NO,YES,NO,NO
20123257,101,SOYA PROJECT,INCREASECROP YIELDS,10,OCTOBER,2015,EXTERNAL SOURCES ONLY,NASFAM,,YES,YES,NO,NO,NO
20124258,101,NASFAM,INCREASECROP YIELDS,300,JANUARY,1997,EXTERNAL SOURCES ONLY,NASFAM,,YES,YES,NO,NO,NO
20126259,101,NASFAM SOYA PROJECT,INCREASECROP YIELDS,20,JANUARY,2012,EXTERNAL SOURCES ONLY,NASFAM,,YES,NO,YES,NO,NO
20201262,101,INCRESAT,INCREASECROP YIELDS,20,JANUARY,2014,FARMERS &amp; EXTERNAL SOURCES,TOTAL LAND CARE,,NO,NO,NO,YES,NO
20201266,101,TIKONDANE,INCREASECROP YIELDS,30,JANUARY,2019,FARMERS &amp; EXTERNAL SOURCES,TOTAL LAND CARE,,NO,YES,NO,NO,NO
20202267,101,WATER AND SOIL CONSERVATION,LIVESTOCK-PRODUCTION,20,APRIL,2016,EXTERNAL SOURCES ONLY,TOTAL LAND CARE,,YES,YES,NO,NO,NO
20202268,102,SAPP,INCREASECROP YIELDS,30,OCTOBER,2017,EXTERNAL SOURCES ONLY,TOTAL LAND CARE,none,NO,NO,NO,NO,YES
20202268,101,TOTAL LANDCARE,INCREASECROP YIELDS,20,NOVEMBER,201,FARMERS &amp; EXTERNAL SOURCES,TOTAL LAND CARE,,NO,NO,YES,NO,NO
20204271,101,EVANGELICALASSOI,INCREASECROP YIELDS,5,JUNE,2018,EXTERNAL SOURCES ONLY,TOTAL LAND CARE,,YES,YES,NO,NO,NO
20204272,101,FDP,INCREASECROP YIELDS,40,SEPTEMBER,2011,FARMERS ONLY,TOTAL LAND CARE,,YES,YES,NO,NO,NO
20205273,101,EVANGELLICAL,INCREASECROP YIELDS,90,DECEMBER,2019,EXTERNAL SOURCES ONLY,NASFAM,,NO,YES,NO,NO,NO
20206277,104,AFIKEPO,INCREASECROP YIELDS,70,AUGUST,2019,EXTERNAL SOURCES ONLY,TOTAL LAND CARE,,YES,NO,NO,NO,NO
20206277,103,NASFARM,IMPROVE SOIL QUALITY,80,SEPTEMBER,1976,FARMERS ONLY,NASFAM,,NO,NO,NO,YES,NO
20206277,102,SAP,IMPROVE SOIL QUALITY,240,JULY,2016,FARMERS ONLY,TOTAL LAND CARE,,YES,NO,NO,NO,NO
20206277,101,TOTAL LAND CARE,INCREASECROP YIELDS,110,SEPTEMBER,2009,FARMERS ONLY,TOTAL LAND CARE,,YES,NO,NO,NO,NO
20206278,101,UMODZI,AGRO-FORESTRY PRACTICES,55,SEPTEMBER,2017,FARMERS ONLY,TOTAL LAND CARE,nothing,NO,NO,NO,NO,YES
20206280,101,SAP,LIVESTOCK-PRODUCTION,60,NOVEMBER,14,EXTERNAL SOURCES ONLY,TOTAL LAND CARE,,YES,YES,NO,NO,NO
20301284,101,PACHI,IRRIGATION,160,JUNE,2016,EXTERNAL SOURCES ONLY,TOTAL LAND CARE,,YES,YES,NO,NO,NO
20302286,101,TOTAL LANDCARE,INCREASECROP YIELDS,3,NOVEMBER,2017,EXTERNAL SOURCES ONLY,TOTAL LAND CARE,,YES,NO,NO,NO,NO
20303287,101,TAP,IMPROVE SOIL QUALITY,57,AUGUST,2015,FARMERS ONLY,TOTAL LAND CARE,,YES,YES,NO,NO,NO
20303287,102,TOTAL LAND CARE,AGRO-FORESTRY PRACTICES,307,JULY,2015,EXTERNAL SOURCES ONLY,TOTAL LAND CARE,,YES,YES,NO,NO,NO
20303288,101,TAP,LIVESTOCK-PRODUCTION,35,AUGUST,2012,EXTERNAL SOURCES ONLY,TOTAL LAND CARE,,YES,NO,YES,NO,NO
20303288,102,TOTAL LAND CARE,AGRO-FORESTRY PRACTICES,17,JULY,2010,EXTERNAL SOURCES ONLY,TOTAL LAND CARE,,NO,YES,YES,NO,NO
20303288,103,SAFI,INCREASECROP YIELDS,25,JUNE,2017,EXTERNAL SOURCES ONLY,TOTAL LAND CARE,,YES,YES,NO,NO,NO
20303292,101,PACHI,INCREASECROP YIELDS,60,APRIL,2015,EXTERNAL SOURCES ONLY,TOTAL LAND CARE,,NO,YES,NO,NO,NO
20304293,101,CHECKS COOPERATIVE,INCREASECROP YIELDS,15,SEPTEMBER,2009,EXTERNAL SOURCES ONLY,TOTAL LAND CARE,,NO,NO,YES,NO,NO
20304293,102,NASPHAM,INCREASECROP YIELDS,90,AUGUST,15,FARMERS ONLY,TOTAL LAND CARE,,NO,NO,YES,NO,NO
20304293,103,FARM CONCERN,INCREASECROP YIELDS,20,SEPTEMBER,2017,EXTERNAL SOURCES ONLY,NASFAM,,YES,NO,NO,NO,NO
20304294,102,VISION FUND,INCREASECROP YIELDS,60,OCTOBER,2017,EXTERNAL SOURCES ONLY,TOTAL LAND CARE,,NO,NO,YES,NO,NO
20304294,103,CUME,INCREASECROP YIELDS,15,NOVEMBER,2017,EXTERNAL SOURCES ONLY,TOTAL LAND CARE,,NO,NO,YES,NO,NO
20304294,101,FARM CONCERN,INCREASECROP YIELDS,5000,SEPTEMBER,2015,EXTERNAL SOURCES ONLY,TOTAL LAND CARE,,YES,NO,NO,NO,NO
20305295,102,ASWAP,REDUCE SOIL EROSION,222,OCTOBER,2018,EXTERNAL SOURCES ONLY,NORAID,,YES,NO,NO,NO,NO
20305295,101,NASPHAM,INCREASECROP YIELDS,60,SEPTEMBER,1998,FARMERS ONLY,NASFAM,,YES,NO,YES,NO,NO
20305295,104,ALLALIANCE 1,INCREASECROP YIELDS,80,SEPTEMBER,1999,FARMERS ONLY,TOTAL LAND CARE,,NO,NO,YES,NO,NO
20305295,103,GTI,INCREASECROP YIELDS,60,AUGUST,2009,FARMERS ONLY,NORAID,,YES,NO,NO,NO,NO
20305296,105,KIMBERLY LEAF,INCREASECROP YIELDS,10,AUGUST,12,EXTERNAL SOURCES ONLY,TOTAL LAND CARE,,NO,NO,YES,NO,NO
20305296,101,CLINTON,INCREASECROP YIELDS,250,NOVEMBER,2013,EXTERNAL SOURCES ONLY,NASFAM,,NO,NO,YES,NO,NO
20305296,103,ALLIANCE,INCREASECROP YIELDS,60,AUGUST,2007,EXTERNAL SOURCES ONLY,NASFAM,,NO,NO,YES,NO,NO
20305296,102,FARMERS UNION,INCREASECROP YIELDS,160,JANUARY,2019,FARMERS &amp; EXTERNAL SOURCES,UNDP,,NO,NO,NO,YES,NO
20305296,104,NASPHAM,INCREASECROP YIELDS,380,AUGUST,2007,FARMERS ONLY,TOTAL LAND CARE,,NO,NO,YES,NO,NO
20305297,101,COMSIP,NEW/IMPROVED VARIETIES,40,APRIL,2013,FARMERS ONLY,TOTAL LAND CARE,,YES,NO,NO,YES,NO
20305297,102,ASA,LIVESTOCK-PRODUCTION,200,OCTOBER,2018,FARMERS &amp; EXTERNAL SOURCES,TOTAL LAND CARE,,YES,YES,NO,NO,NO
20305297,103,LIMBE LEAF,INCREASECROP YIELDS,6,JULY,2008,EXTERNAL SOURCES ONLY,TOTAL LAND CARE,,YES,NO,YES,YES,NO
20305298,101,TOTAL LANDCARE,AGRO-FORESTRY PRACTICES,40,MARCH,2014,FARMERS &amp; EXTERNAL SOURCES,TOTAL LAND CARE,,NO,YES,NO,NO,NO
20305299,101,ASA,INCREASECROP YIELDS,810,DECEMBER,2018,EXTERNAL SOURCES ONLY,TOTAL LAND CARE,,YES,YES,NO,NO,NO
20307301,102,PREMIER,INCREASECROP YIELDS,5,JUNE,201,FARMERS &amp; EXTERNAL SOURCES,TOTAL LAND CARE,,YES,YES,YES,NO,NO
20307301,103,JTI,INCREASECROP YIELDS,2,JUNE,2017,FARMERS &amp; EXTERNAL SOURCES,TOTAL LAND CARE,,YES,YES,YES,NO,NO
20307301,101,LIMBE LEAF,INCREASECROP YIELDS,30,JUNE,2013,EXTERNAL SOURCES ONLY,TOTAL LAND CARE,,YES,YES,YES,NO,NO
20307302,103,ALLIANCE1,INCREASECROP YIELDS,9,AUGUST,2009,EXTERNAL SOURCES ONLY,TOTAL LAND CARE,,NO,NO,YES,NO,NO
20307302,101,GTI,INCREASECROP YIELDS,44,SEPTEMBER,2016,EXTERNAL SOURCES ONLY,TOTAL LAND CARE,,NO,YES,NO,NO,NO
20307302,102,PREMIUM,INCREASECROP YIELDS,25,OCTOBER,2013,EXTERNAL SOURCES ONLY,TOTAL LAND CARE,,NO,YES,NO,NO,NO
20402307,101,NASIFARM,INCREASECROP YIELDS,35,JUNE,2017,FARMERS &amp; EXTERNAL SOURCES,TOTAL LAND CARE,,NO,NO,YES,NO,NO
20402307,102,TAMA,INCREASECROP YIELDS,50,JUNE,2010,FARMERS &amp; EXTERNAL SOURCES,TOTAL LAND CARE,,NO,NO,YES,NO,NO
20402309,102,JTI,INCREASECROP YIELDS,4,AUGUST,2016,EXTERNAL SOURCES ONLY,TOTAL LAND CARE,,NO,NO,YES,NO,NO
20402309,101,NASFRAM,INCREASECROP YIELDS,200,AUGUST,2014,FARMERS ONLY,NASFAM,,NO,NO,YES,NO,NO
20402309,104,ALLIANCE1,INCREASECROP YIELDS,10,AUGUST,2004,FARMERS &amp; EXTERNAL SOURCES,TOTAL LAND CARE,,NO,YES,NO,NO,NO
20402309,106,AFRO INPUT SUPPLY,INCREASECROP YIELDS,2,AUGUST,2017,EXTERNAL SOURCES ONLY,NASFAM,,YES,YES,NO,NO,NO
20402309,103,WORLD VISION,LIVESTOCK-PRODUCTION,50,JUNE,2005,FARMERS &amp; EXTERNAL SOURCES,DIFD,,YES,YES,YES,NO,NO
20402309,105,KIMBERLY LEAF,INCREASECROP YIELDS,10,AUGUST,2000,FARMERS &amp; EXTERNAL SOURCES,TOTAL LAND CARE,,NO,YES,YES,NO,NO
20402310,101,LIMBE LIEF,INCREASECROP YIELDS,6,JANUARY,2011,EXTERNAL SOURCES ONLY,DIFD,,YES,NO,YES,NO,NO
20402311,101,MADISON AGRO PROCESSOR,INCREASECROP YIELDS,2524,JUNE,2014,EXTERNAL SOURCES ONLY,JICCA,,YES,NO,NO,NO,NO
20403312,102,JTI,INCREASECROP YIELDS,70,MARCH,2015,FARMERS &amp; EXTERNAL SOURCES,DIFD,,YES,YES,NO,NO,NO
20403312,103,LIMBE LEAF,CONSERVATION AGRICULTURE,120,JANUARY,2009,FARMERS &amp; EXTERNAL SOURCES,DIFD,,YES,YES,NO,NO,NO
20403312,101,CARE,INCREASECROP YIELDS,40,APRIL,2016,FARMERS &amp; EXTERNAL SOURCES,CARE INTERNATIONAL,,YES,YES,NO,NO,NO
20404315,101,TOTAL LAND CARE,LIVESTOCK-PRODUCTION,15,AUGUST,2018,EXTERNAL SOURCES ONLY,TOTAL LAND CARE,,YES,NO,NO,NO,NO
20404316,101,TRANSFORM PROJECT,INCREASECROP YIELDS,200,JANUARY,2014,EXTERNAL SOURCES ONLY,TOTAL LAND CARE,,YES,NO,NO,NO,NO
20405317,101,TOTAL LAND CARE,REDUCE SOIL EROSION,15,JANUARY,2016,FARMERS &amp; EXTERNAL SOURCES,TOTAL LAND CARE,,YES,YES,NO,NO,NO
20405318,101,TOBACCO PROJECT,INCREASECROP YIELDS,4,JANUARY,2015,FARMERS &amp; EXTERNAL SOURCES,NASFAM,,YES,NO,YES,NO,NO
20405320,101,WORLD RELIEF,NEW/IMPROVED VARIETIES,170,NOVEMBER,2017,FARMERS &amp; EXTERNAL SOURCES,UNDP,distribution of livestock,YES,NO,NO,NO,YES
20421325,101,ALIIACE,INCREASECROP YIELDS,4,MAY,2015,FARMERS &amp; EXTERNAL SOURCES,NASFAM,,YES,NO,NO,YES,NO
20421325,102,GTI,CONSERVATION AGRICULTURE,7,APRIL,2015,FARMERS &amp; EXTERNAL SOURCES,JICCA,,YES,NO,NO,YES,NO
20501327,101,MALAWI LAKE BASIN,NEW/IMPROVED VARIETIES,83,JULY,204,EXTERNAL SOURCES ONLY,DIFD,,YES,NO,NO,YES,NO
20501328,102,FAO,INCREASECROP YIELDS,300,APRIL,2019,EXTERNAL SOURCES ONLY,DIFD,,YES,NO,NO,NO,NO
20501328,101,CARE,LIVESTOCK-PRODUCTION,370,JULY,2016,EXTERNAL SOURCES ONLY,CARE INTERNATIONAL,distribution of  livestock,YES,YES,NO,NO,YES
20501328,103,KUPI,NEW/IMPROVED VARIETIES,72,APRIL,2017,EXTERNAL SOURCES ONLY,DIFD,,YES,YES,NO,NO,NO
20502329,102,FEED CHILDREN,INCREASECROP YIELDS,250,NOVEMBER,2016,FARMERS &amp; EXTERNAL SOURCES,DIFD,,NO,YES,NO,NO,NO
20502329,101,WORLD VISION,AGRO-FORESTRY PRACTICES,150,OCTOBER,2013,FARMERS &amp; EXTERNAL SOURCES,CARE INTERNATIONAL,they provide boleholes,YES,NO,NO,NO,YES
20502329,103,AFIKEPO,NEW/IMPROVED VARIETIES,250,AUGUST,2019,EXTERNAL SOURCES ONLY,NASFAM,,NO,YES,NO,NO,NO
20502330,101,ILLARD,IRRIGATION,94,AUGUST,2017,FARMERS ONLY,TOTAL LAND CARE,,YES,NO,NO,NO,NO
20502331,102,AFIKEPO,NEW/IMPROVED VARIETIES,90,JANUARY,2019,EXTERNAL SOURCES ONLY,DIFD,,YES,YES,NO,NO,NO
20502331,101,FAO,NEW/IMPROVED VARIETIES,90,JANUARY,2019,EXTERNAL SOURCES ONLY,DIFD,,YES,YES,NO,NO,NO
20502332,103,TOTAL LANDCARE,AGRO-FORESTRY PRACTICES,350,MARCH,2018,FARMERS ONLY,TOTAL LAND CARE,,YES,NO,NO,NO,NO
20502332,101,AFIKEPO PROJECT,IRRIGATION,90,SEPTEMBER,2018,EXTERNAL SOURCES ONLY,DIFD,,YES,YES,NO,NO,NO
20502332,102,ADDRA PROJECT,INCREASECROP YIELDS,3,JUNE,2014,EXTERNAL SOURCES ONLY,DIFD,,NO,NO,YES,NO,NO
20503333,101,VSO,IRRIGATION,34,NOVEMBER,2011,FARMERS &amp; EXTERNAL SOURCES,TOTAL LAND CARE,received goats,YES,YES,YES,NO,YES
20503333,102,CARE MALAWI,IMPROVE SOIL QUALITY,180,SEPTEMBER,2015,EXTERNAL SOURCES ONLY,CARE INTERNATIONAL,,YES,YES,YES,NO,NO
20503333,104,KUPPI,IRRIGATION,58,MAY,2016,EXTERNAL SOURCES ONLY,DIFD,,YES,NO,NO,YES,NO
20503333,103,HUNGER PROJECT,LIVESTOCK-PRODUCTION,84,MAY,2018,EXTERNAL SOURCES ONLY,JICCA,,YES,NO,NO,YES,NO
20504334,101,AFIKEPO,CONSERVATION AGRICULTURE,200,MARCH,2018,EXTERNAL SOURCES ONLY,DIFD,vegetable seeds,YES,YES,NO,NO,YES
20504334,103,CATHOLIC HEALTH COMMISSION,WEED/INVASIVE SPECIES CONTROL,100,OCTOBER,2017,FARMERS &amp; EXTERNAL SOURCES,NASFAM,Ballard gardens,YES,NO,NO,NO,YES
20504334,104,CARE (TIDZIDALIRE),CONSERVATION AGRICULTURE,40,SEPTEMBER,2019,EXTERNAL SOURCES ONLY,NORAID,,YES,NO,NO,NO,NO
20504334,102,CLOSER TIFIIKE (ADRA),IRRIGATION,350,JUNE,2019,EXTERNAL SOURCES ONLY,DIFD,,YES,NO,NO,NO,NO
20504335,101,FAO,NEW/IMPROVED VARIETIES,11,MAY,2018,FARMERS &amp; EXTERNAL SOURCES,DIFD,,YES,YES,NO,NO,NO
20504335,102,AFIKEPO,LIVESTOCK-PRODUCTION,173,MAY,2018,EXTERNAL SOURCES ONLY,TOTAL LAND CARE,,YES,YES,NO,NO,NO
20505336,101,KUPPI,INCREASECROP YIELDS,70,JULY,2015,FARMERS ONLY,TOTAL LAND CARE,,YES,NO,NO,NO,NO
20505336,102,MALAWI LAKE BASIN,AGRO-FORESTRY PRACTICES,58,MARCH,2017,FARMERS ONLY,TOTAL LAND CARE,,YES,NO,NO,NO,NO
20505337,101,SEEDS DISTRIBUTION PROJECT,INCREASECROP YIELDS,30,OCTOBER,2019,EXTERNAL SOURCES ONLY,CARE INTERNATIONAL,,YES,YES,NO,NO,NO
20506338,101,KUPPI,IMPROVE SOIL QUALITY,300,SEPTEMBER,2017,FARMERS ONLY,DIFD,,YES,NO,NO,NO,NO
20506339,101,AFIKEPO,LIVESTOCK-PRODUCTION,90,JUNE,2017,EXTERNAL SOURCES ONLY,CARE INTERNATIONAL,,YES,NO,NO,NO,NO
20507340,102,MALAWI LAKE BASIN,IRRIGATION,246,JULY,2017,EXTERNAL SOURCES ONLY,TOTAL LAND CARE,,NO,YES,NO,NO,NO
20507340,101,LAND O LAKES,IMPROVE SOIL QUALITY,52,AUGUST,2017,EXTERNAL SOURCES ONLY,DIFD,,YES,YES,NO,NO,NO
20507341,102,TIWARERE 2,NEW/IMPROVED VARIETIES,8,APRIL,2018,EXTERNAL SOURCES ONLY,DIFD,,YES,YES,NO,NO,NO
20507341,101,FAO,NEW/IMPROVED VARIETIES,19,MARCH,2018,FARMERS &amp; EXTERNAL SOURCES,DIFD,,YES,YES,NO,NO,NO
20507342,105,EVANGELLICAL,IRRIGATION,210,DECEMBER,2018,EXTERNAL SOURCES ONLY,CARE INTERNATIONAL,,YES,YES,NO,NO,NO
20507342,101,FAO,INCREASECROP YIELDS,210,DECEMBER,2018,EXTERNAL SOURCES ONLY,DIFD,,YES,NO,NO,NO,NO
20507342,103,AFIKEPO KULIMA,INTRODUCE LEGUME COVER CROPS,21,JULY,2017,EXTERNAL SOURCES ONLY,DIFD,,YES,YES,NO,NO,NO
20507342,104,FEED THE CHILDREN,INTRODUCE LEGUME COVER CROPS,21,DECEMBER,2018,EXTERNAL SOURCES ONLY,DIFD,,YES,YES,NO,NO,NO
20507342,102,EU,IRRIGATION,210,DECEMBER,2018,EXTERNAL SOURCES ONLY,DIFD,,YES,YES,NO,NO,NO
20507343,104,FEED THE CHILDREN,NEW/IMPROVED VARIETIES,600,AUGUST,2006,FARMERS &amp; EXTERNAL SOURCES,DIFD,,YES,YES,NO,YES,NO
20507343,101,TOTAL LAND CARE,CONSERVATION AGRICULTURE,70,JULY,2008,EXTERNAL SOURCES ONLY,TOTAL LAND CARE,,YES,YES,NO,YES,NO
20507343,103,LAND O LAKES,NEW/IMPROVED VARIETIES,70,APRIL,2015,EXTERNAL SOURCES ONLY,DIFD,,YES,YES,NO,NO,NO
20507343,102,MALAWI BASIN,LIVESTOCK-PRODUCTION,40,SEPTEMBER,2010,EXTERNAL SOURCES ONLY,CARE INTERNATIONAL,,YES,YES,NO,NO,NO
20508344,102,MALAWI LAKE BASIN,IMPROVE SOIL QUALITY,254,DECEMBER,2018,FARMERS &amp; EXTERNAL SOURCES,CARE INTERNATIONAL,,YES,YES,NO,NO,NO
20508344,101,TOTAL LAND CARE,AGRO-FORESTRY PRACTICES,254,MAY,2017,EXTERNAL SOURCES ONLY,TOTAL LAND CARE,,YES,YES,NO,NO,NO
20509346,101,TAFIKAPO,NEW/IMPROVED VARIETIES,78,AUGUST,2019,EXTERNAL SOURCES ONLY,DIFD,,YES,YES,NO,NO,NO
20509346,102,TIWALERE,INCREASECROP YIELDS,80,JULY,2017,EXTERNAL SOURCES ONLY,DIFD,,YES,NO,NO,NO,NO
20521348,101,CARE,INTRODUCE LEGUME COVER CROPS,110,FEBRUARY,2016,FARMERS &amp; EXTERNAL SOURCES,CARE INTERNATIONAL,provide seeds in return for seeds,YES,YES,NO,NO,YES
20601350,102,LAND O LAKES,INTRODUCE LEGUME COVER CROPS,7,JULY,2018,FARMERS &amp; EXTERNAL SOURCES,DIFD,,YES,YES,YES,NO,NO
20601350,101,OPPORTUNITY INTERNATIONAL MALAWI,INTRODUCE LEGUME COVER CROPS,13,DECEMBER,2019,FARMERS &amp; EXTERNAL SOURCES,CARE INTERNATIONAL,,YES,NO,YES,NO,NO
20602354,101,WORLD RELIEF,CONSERVATION AGRICULTURE,105,APRIL,2016,EXTERNAL SOURCES ONLY,DIFD,,YES,YES,NO,NO,NO
20602354,102,PACHI,INCREASECROP YIELDS,20,FEBRUARY,2020,EXTERNAL SOURCES ONLY,DIFD,,YES,NO,NO,NO,NO
20602355,102,JTI,NEW/IMPROVED VARIETIES,6,OCTOBER,2016,EXTERNAL SOURCES ONLY,TOTAL LAND CARE,,YES,NO,YES,NO,NO
20602355,101,ALLIANCE ONE,NEW/IMPROVED VARIETIES,6,OCTOBER,2016,EXTERNAL SOURCES ONLY,TOTAL LAND CARE,,YES,NO,YES,NO,NO
20603356,101,OPPORTUNITY,INTRODUCE LEGUME COVER CROPS,80,APRIL,2019,EXTERNAL SOURCES ONLY,CARE INTERNATIONAL,,YES,NO,YES,YES,NO
20603356,102,NASFARM,INTRODUCE LEGUME COVER CROPS,80,AUGUST,2007,FARMERS &amp; EXTERNAL SOURCES,NASFAM,,YES,NO,NO,NO,NO
20603357,103,LNCRISAT,INTRODUCE LEGUME COVER CROPS,25,MARCH,2016,EXTERNAL SOURCES ONLY,ICRAF,,YES,NO,YES,YES,NO
20603357,101,JTI,AGRO-FORESTRY PRACTICES,50,JUNE,2015,EXTERNAL SOURCES ONLY,NORAID,,YES,NO,NO,YES,NO
20603357,102,FARMERS UNION,INTRODUCE LEGUME COVER CROPS,50,JUNE,2014,EXTERNAL SOURCES ONLY,ICRAF,,YES,NO,YES,NO,NO
20603357,104,GOODMAN,INTRODUCE LEGUME COVER CROPS,70,AUGUST,2017,EXTERNAL SOURCES ONLY,TOTAL LAND CARE,,YES,NO,NO,YES,NO
20604359,102,SELF HELP,LIVESTOCK-PRODUCTION,80,JULY,2007,EXTERNAL SOURCES ONLY,CARE INTERNATIONAL,,YES,NO,YES,NO,NO
20604359,101,NASFAM,NEW/IMPROVED VARIETIES,40,JULY,2018,EXTERNAL SOURCES ONLY,NASFAM,,NO,YES,NO,NO,NO
20605362,101,PIG FARMING PROJECT,LIVESTOCK-PRODUCTION,30,JULY,2016,FARMERS &amp; EXTERNAL SOURCES,UNDP,,YES,YES,NO,NO,NO
20606364,105,ACE,NEW/IMPROVED VARIETIES,30,NOVEMBER,2019,EXTERNAL SOURCES ONLY,CARLA,,YES,NO,NO,NO,NO
20606364,101,AGRICULTURE DIRECT,NEW/IMPROVED VARIETIES,63,OCTOBER,2019,FARMERS &amp; EXTERNAL SOURCES,ICRAF,,YES,YES,NO,NO,NO
20606364,104,NASFARM,INTRODUCE LEGUME COVER CROPS,135,AUGUST,2016,EXTERNAL SOURCES ONLY,NASFAM,,YES,NO,NO,YES,NO
20606364,103,SAFE,NEW/IMPROVED VARIETIES,10,OCTOBER,2019,EXTERNAL SOURCES ONLY,CARE INTERNATIONAL,,YES,YES,NO,YES,NO
20606364,102,DYNA FARM,IMPROVE SOIL QUALITY,45,MARCH,2018,EXTERNAL SOURCES ONLY,TOTAL LAND CARE,,YES,YES,YES,NO,NO
20606365,101,FARM CONCERN,NEW/IMPROVED VARIETIES,274,AUGUST,2018,EXTERNAL SOURCES ONLY,DIFD,,YES,YES,NO,NO,NO
20606365,103,ASWAP,NEW/IMPROVED VARIETIES,200,NOVEMBER,2018,EXTERNAL SOURCES ONLY,DIFD,,YES,YES,NO,NO,NO
20606365,102,WORLD VISION,NEW/IMPROVED VARIETIES,117,AUGUST,2009,EXTERNAL SOURCES ONLY,CARE INTERNATIONAL,,YES,YES,NO,NO,NO
20606365,104,VISION FUND,IRRIGATION,80,AUGUST,2016,EXTERNAL SOURCES ONLY,UNDP,,YES,YES,YES,NO,NO
20608367,101,ALLIANCE  ONE,INCREASECROP YIELDS,72,JUNE,2012,EXTERNAL SOURCES ONLY,DIFD,they get allowance when they have training,YES,YES,YES,NO,YES
20609370,101,GOOD NEIGHBORS,LIVESTOCK-PRODUCTION,150,JUNE,2005,EXTERNAL SOURCES ONLY,DIFD,,YES,NO,NO,YES,NO
20609371,102,LIMBE LIFE,AGRO-FORESTRY PRACTICES,10,SEPTEMBER,2010,EXTERNAL SOURCES ONLY,TOTAL LAND CARE,,YES,NO,NO,YES,NO
20609371,101,ALLIANCE ONE,AGRO-FORESTRY PRACTICES,12,SEPTEMBER,2012,EXTERNAL SOURCES ONLY,NASFAM,,YES,NO,NO,YES,NO
20612374,101,COMPOSTING,INCREASECROP YIELDS,100,JULY,2016,FARMERS ONLY,TOTAL LAND CARE,,YES,NO,NO,NO,NO
20612375,101,TOTAL LAND CARE,NEW/IMPROVED VARIETIES,70,AUGUST,2018,FARMERS &amp; EXTERNAL SOURCES,TOTAL LAND CARE,,YES,YES,NO,NO,NO
20614377,101,TOTAL LAND CARE,NEW/IMPROVED VARIETIES,10,SEPTEMBER,2016,EXTERNAL SOURCES ONLY,CARLA,,YES,YES,NO,NO,NO
20615378,102,WE EFFECT,LIVESTOCK-PRODUCTION,2,MAY,2014,EXTERNAL SOURCES ONLY,ICRAF,,YES,YES,NO,NO,NO
20615378,101,HEIFER,LIVESTOCK-PRODUCTION,15,MAY,2014,EXTERNAL SOURCES ONLY,DIFD,,YES,YES,NO,NO,NO
20616379,102,ALLIANCE ONE,CONSERVATION AGRICULTURE,40,JULY,2017,FARMERS ONLY,JICCA,,YES,YES,YES,YES,NO
20616379,101,GTI,AGRO-FORESTRY PRACTICES,50,JULY,2017,EXTERNAL SOURCES ONLY,TOTAL LAND CARE,,YES,YES,YES,YES,NO
20616381,101,FACE TO FACE,IRRIGATION,38,APRIL,2005,EXTERNAL SOURCES ONLY,CARE INTERNATIONAL,,YES,NO,NO,NO,NO
20617384,101,WORLD RELIEF,IRRIGATION,244,JULY,2017,FARMERS ONLY,CARE INTERNATIONAL,,YES,YES,NO,NO,NO
20701385,101,IRISH FARMING,INCREASECROP YIELDS,30,DECEMBER,2018,EXTERNAL SOURCES ONLY,NASFAM,Fertiliser and pestcides,YES,YES,NO,NO,YES
20701386,101,SOIL MANAGEMENT,IMPROVE SOIL QUALITY,17,FEBRUARY,2020,FARMERS &amp; EXTERNAL SOURCES,TOTAL LAND CARE,,YES,NO,NO,NO,NO
20702389,101,NASFAM,INCREASECROP YIELDS,20,JANUARY,2000,FARMERS &amp; EXTERNAL SOURCES,NASFAM,,YES,NO,YES,NO,NO
20702390,101,NASFAM,INCREASECROP YIELDS,40,JANUARY,2016,EXTERNAL SOURCES ONLY,NASFAM,,YES,YES,YES,YES,NO
20702391,101,JTI,AGRO-FORESTRY PRACTICES,15,OCTOBER,2017,FARMERS &amp; EXTERNAL SOURCES,NASFAM,,YES,NO,YES,NO,NO
20702391,102,ALLIANCE ONE,AGRO-FORESTRY PRACTICES,60,OCTOBER,2017,FARMERS &amp; EXTERNAL SOURCES,NASFAM,,YES,NO,YES,NO,NO
20703393,101,NASFAM,INCREASECROP YIELDS,10,DECEMBER,2016,FARMERS &amp; EXTERNAL SOURCES,NASFAM,,YES,NO,YES,NO,NO
20704394,102,NASFAM,INCREASECROP YIELDS,50,NOVEMBER,2004,EXTERNAL SOURCES ONLY,NASFAM,,YES,YES,YES,NO,NO
20704394,101,APSA,PRACTICES TO ADAPT TO CLIMATE CHANGE,2,AUGUST,2017,EXTERNAL SOURCES ONLY,NORAID,,YES,YES,YES,NO,NO
20704395,101,AICC,INCREASECROP YIELDS,10,SEPTEMBER,2019,FARMERS ONLY,NASFAM,,YES,NO,YES,NO,NO
20704395,102,NASFAM,INCREASECROP YIELDS,1000,JANUARY,2015,EXTERNAL SOURCES ONLY,NASFAM,,YES,NO,YES,NO,NO
20706399,101,SOYA PROJECT,INCREASECROP YIELDS,50,NOVEMBER,2001,EXTERNAL SOURCES ONLY,NASFAM,,YES,NO,YES,NO,NO
20707401,101,NASFAM PROJECT,INCREASECROP YIELDS,100,JANUARY,2010,EXTERNAL SOURCES ONLY,NASFAM,,YES,NO,YES,NO,NO
20707401,102,LAND OLAKES,INCREASECROP YIELDS,20,JANUARY,2019,EXTERNAL SOURCES ONLY,TOTAL LAND CARE,,YES,NO,YES,NO,NO
20711404,101,SOYA,INCREASECROP YIELDS,40,OCTOBER,2014,EXTERNAL SOURCES ONLY,NASFAM,,YES,NO,YES,YES,NO
20712405,101,NASFAM,INCREASECROP YIELDS,60,JANUARY,2012,EXTERNAL SOURCES ONLY,NASFAM,,YES,NO,YES,NO,NO
20801407,101,LAND TOTAL CARE,INCREASECROP YIELDS,50,AUGUST,2017,FARMERS &amp; EXTERNAL SOURCES,TOTAL LAND CARE,,YES,YES,NO,NO,NO
20801409,101,MAFA,INCREASECROP YIELDS,52,SEPTEMBER,2014,FARMERS &amp; EXTERNAL SOURCES,TOTAL LAND CARE,,YES,YES,NO,NO,NO
20801411,101,CHISISI CRUB,PRACTICES TO ADAPT TO CLIMATE CHANGE,25,FEBRUARY,2013,FARMERS ONLY,CARE INTERNATIONAL,,NO,YES,NO,NO,NO
20802412,101,JTI BASED PROJECT,INCREASECROP YIELDS,100,JUNE,2002,EXTERNAL SOURCES ONLY,NASFAM,,NO,NO,YES,NO,NO
20802412,102,ALLIANCE ONE PRIJECT,IMPROVE SOIL QUALITY,80,JUNE,2019,EXTERNAL SOURCES ONLY,NASFAM,,NO,NO,YES,NO,NO
20802413,101,KALEMBO GREEN BELT GROUP,INCREASECROP YIELDS,31,SEPTEMBER,2014,FARMERS &amp; EXTERNAL SOURCES,CARE INTERNATIONAL,,NO,NO,NO,YES,NO
20803415,101,WATER HARVESTING FARMING PRACTICE,REDUCE SOIL EROSION,50,MARCH,2018,EXTERNAL SOURCES ONLY,TOTAL LAND CARE,,YES,NO,NO,NO,NO
20803416,102,SEEDP,INCREASECROP YIELDS,684,SEPTEMBER,2016,EXTERNAL SOURCES ONLY,ICRAF,,YES,NO,NO,NO,NO
20803416,103,ECREASAT,INCREASECROP YIELDS,648,SEPTEMBER,2018,EXTERNAL SOURCES ONLY,DIFD,,YES,NO,NO,NO,NO
20803416,101,SIAT,INCREASECROP YIELDS,18,APRIL,2016,EXTERNAL SOURCES ONLY,ICRAF,,YES,NO,NO,NO,NO
20803417,101,UMODZI CLUB,INCREASECROP YIELDS,22,NOVEMBER,2017,FARMERS ONLY,DIFD,,YES,NO,NO,NO,NO
20804419,102,LURWI CLUB,INCREASECROP YIELDS,59,JULY,2015,EXTERNAL SOURCES ONLY,CARE INTERNATIONAL,,YES,NO,NO,NO,NO
20804419,101,KANJEDZA CLUB,INCREASECROP YIELDS,79,FEBRUARY,2016,FARMERS ONLY,CARE INTERNATIONAL,,YES,NO,NO,NO,NO
20804419,103,MWACHIKALA CLUB,INCREASECROP YIELDS,69,OCTOBER,2015,EXTERNAL SOURCES ONLY,ICRAF,,YES,NO,NO,NO,NO
20806421,101,MGONI SCHEME,INCREASECROP YIELDS,60,MAY,2017,EXTERNAL SOURCES ONLY,UNDP,,NO,YES,NO,NO,NO
20806422,101,NATSITSI,AGRO-FORESTRY PRACTICES,20,MARCH,2017,FARMERS ONLY,ICRAF,,YES,NO,NO,NO,NO
20806422,103,KACHERE,INCREASECROP YIELDS,20,MARCH,2017,FARMERS ONLY,DIFD,,NO,YES,NO,NO,NO
20806422,102,MKOCHI,AGRO-FORESTRY PRACTICES,20,MARCH,2017,FARMERS ONLY,DIFD,,NO,YES,NO,NO,NO
20806423,102,TSHETSHERERE CLUB IN,IMPROVE SOIL QUALITY,185,SEPTEMBER,2016,EXTERNAL SOURCES ONLY,CARE INTERNATIONAL,,YES,NO,NO,NO,NO
20806423,101,LIVIZI CLUB,IMPROVE SOIL QUALITY,113,SEPTEMBER,2018,EXTERNAL SOURCES ONLY,CARE INTERNATIONAL,,NO,YES,NO,NO,NO
20806423,103,KAPHIRISAYA CLUB,AGRO-FORESTRY PRACTICES,203,OCTOBER,2018,EXTERNAL SOURCES ONLY,CARE INTERNATIONAL,,NO,YES,NO,NO,NO
20807424,103,CARDCOME,INCREASECROP YIELDS,10,FEBRUARY,2016,FARMERS ONLY,CARE INTERNATIONAL,,NO,NO,YES,NO,NO
20807424,102,CONCERN UNIVESAL,IMPROVE SOIL QUALITY,301,MAY,2012,EXTERNAL SOURCES ONLY,TOTAL LAND CARE,,YES,NO,NO,NO,NO
20807424,101,WORD VISION,IMPROVE SOIL QUALITY,25,APRIL,20176,EXTERNAL SOURCES ONLY,CARLA,,NO,YES,NO,NO,NO
20807425,101,TANDALA SCHEM MUWA,IMPROVE SOIL QUALITY,35,JUNE,2018,EXTERNAL SOURCES ONLY,CARLA,,NO,YES,NO,NO,NO
20901429,101,ROMADEF,IMPROVE SOIL QUALITY,50,JUNE,2018,FARMERS ONLY,ICRAF,,YES,YES,NO,NO,NO
20902430,101,LINGALA TOBACCO CLUB,IMPROVE SOIL QUALITY,2017,APRIL,2015,EXTERNAL SOURCES ONLY,TOTAL LAND CARE,They give them trees and Sugwi to plant,NO,YES,NO,NO,YES
20902431,101,LISUNGWI MATCHEREZA SCHEME,IRRIGATION,10,AUGUST,2016,FARMERS ONLY,TOTAL LAND CARE,,NO,YES,NO,NO,NO
20903432,102,KUNYERA KILIMBA CLUB,INCREASECROP YIELDS,25,JANUARY,2015,FARMERS ONLY,DIFD,,NO,YES,NO,NO,NO
20903432,103,CHIYATA CLUB,INCREASECROP YIELDS,30,AUGUST,2016,FARMERS &amp; EXTERNAL SOURCES,DIFD,,NO,YES,NO,NO,NO
20903432,106,TIYESENAWO CLUB,IRRIGATION,22,SEPTEMBER,2016,EXTERNAL SOURCES ONLY,DIFD,,NO,YES,NO,NO,NO
20903432,104,NKHAMA LIPINDULA CLUB,INCREASECROP YIELDS,25,OCTOBER,2017,FARMERS ONLY,DIFD,,NO,YES,NO,NO,NO
20903432,105,MWAYIWADZA CLUB,INCREASECROP YIELDS,2016,JANUARY,2016,FARMERS &amp; EXTERNAL SOURCES,DIFD,,YES,NO,NO,NO,NO
20903432,101,NANKHOKA CLUB,INCREASECROP YIELDS,25,MAY,2018,FARMERS ONLY,DIFD,,YES,YES,NO,NO,NO
20903432,107,KATAYEMOWA CLUB,INCREASECROP YIELDS,25,AUGUST,2016,FARMERS &amp; EXTERNAL SOURCES,DIFD,,NO,YES,NO,NO,NO
20904436,101,MUYAYANO CLUB,INCREASECROP YIELDS,1,SEPTEMBER,2019,FARMERS ONLY,ICRAF,,NO,YES,NO,NO,NO
20905437,104,NASALE SCHEME,INCREASECROP YIELDS,25,AUGUST,2016,FARMERS &amp; EXTERNAL SOURCES,NORAID,,NO,YES,NO,NO,NO
20905437,102,NGONI SCHEME,REDUCE SOIL EROSION,25,APRIL,2017,EXTERNAL SOURCES ONLY,CARE INTERNATIONAL,,NO,YES,NO,NO,NO
20905437,105,SAIWA SCHEME,INCREASECROP YIELDS,22,AUGUST,2017,FARMERS &amp; EXTERNAL SOURCES,NORAID,,NO,YES,NO,NO,NO
20905437,106,NASATO SCHEME,INCREASECROP YIELDS,25,AUGUST,2017,FARMERS &amp; EXTERNAL SOURCES,ICRAF,,NO,YES,NO,NO,NO
20905437,101,MIKUYU SCHEME,IMPROVE SOIL QUALITY,2018,FEBRUARY,2018,FARMERS ONLY,ICRAF,,NO,YES,NO,NO,NO
20905437,103,MNKOPE SCHEME,INCREASECROP YIELDS,25,AUGUST,2016,FARMERS &amp; EXTERNAL SOURCES,NORAID,,YES,NO,NO,NO,NO
20905438,102,MZOTHEKA CLUB,AGRO-FORESTRY PRACTICES,25,OCTOBER,2017,FARMERS ONLY,TOTAL LAND CARE,,NO,YES,NO,NO,NO
20905438,101,TITUKULANE CLUB,INCREASECROP YIELDS,25,APRIL,2017,FARMERS ONLY,TOTAL LAND CARE,,NO,YES,NO,NO,NO
20906439,102,LINEGWE SCHEME,INCREASECROP YIELDS,27,MAY,2017,FARMERS ONLY,CARE INTERNATIONAL,,YES,YES,NO,NO,NO
20906439,104,LUWAWADZI SCHEME,INCREASECROP YIELDS,32,SEPTEMBER,2017,FARMERS ONLY,CARE INTERNATIONAL,,YES,YES,NO,NO,NO
20906439,101,MTALIKA SCHEME,INCREASECROP YIELDS,59,MAY,2017,FARMERS ONLY,CARE INTERNATIONAL,,YES,NO,NO,NO,NO
20906439,103,MCHALO SCHEME,INCREASECROP YIELDS,18,JANUARY,2017,FARMERS ONLY,CARE INTERNATIONAL,,YES,YES,NO,NO,NO
20907440,101,LAND OLAKES SCHEME,IMPROVE SOIL QUALITY,20,JUNE,2018,FARMERS ONLY,TOTAL LAND CARE,,NO,YES,NO,NO,NO
20908442,101,CHIBALALA NSIPE IRRIGATION GROUP,IRRIGATION,18,MAY,2017,FARMERS &amp; EXTERNAL SOURCES,ICRAF,,NO,YES,NO,NO,NO
20909444,101,NADZING'OMBE AGRIULTURE SCHEM,INCREASECROP YIELDS,10,MARCH,2018,FARMERS ONLY,ICRAF,,NO,YES,NO,NO,NO
20910446,101,15,LIVESTOCK-PRODUCTION,10,JUNE,2017,FARMERS ONLY,ICRAF,,NO,YES,NO,NO,NO
20910448,101,CHUMACHILI MTHAKA,IMPROVE SOIL QUALITY,25,JUNE,2017,FARMERS ONLY,CARE INTERNATIONAL,,NO,YES,NO,NO,NO
20911449,101,CHINKHUMBA SCHEME BASED PROJECT,IRRIGATION,25,MAY,2018,EXTERNAL SOURCES ONLY,CARE INTERNATIONAL,,NO,YES,NO,NO,NO
21085478,101,"JTI DISTRIBUTION OF TOBACCO SEEDS, MAIZE SEEDS AND FERTILIZER",INCREASECROP YIELDS,25,APRIL,2013,EXTERNAL SOURCES ONLY,NASFAM,,YES,YES,YES,NO,NO
30102488,101,KAPYEPYE  AGRICULTURAL BASED PROJECT,INTRODUCE LEGUME COVER CROPS,40,NOVEMBER,2016,FARMERS &amp; EXTERNAL SOURCES,NASFAM,,YES,NO,YES,NO,NO
30105494,102,VILLAGE AGRICULTURAL COMMITEE,LIVESTOCK-DISEASES,2300,JANUARY,2016,FARMERS &amp; EXTERNAL SOURCES,NASFAM,Farmers,NO,NO,NO,NO,YES
30105494,101,LAND O LAKES,NEW/IMPROVED VARIETIES,600,JUNE,2019,FARMERS &amp; EXTERNAL SOURCES,CARE INTERNATIONAL,,YES,NO,NO,NO,NO
30106498,101,NASFAM,INCREASECROP YIELDS,15,MARCH,2013,FARMERS &amp; EXTERNAL SOURCES,NASFAM,,YES,NO,NO,NO,NO
30107499,101,LAKE BASIN,INCREASECROP YIELDS,33,NOVEMBER,2017,EXTERNAL SOURCES ONLY,TOTAL LAND CARE,,YES,NO,NO,NO,NO
30107500,101,AGCARE,AGRO-FORESTRY PRACTICES,120,NOVEMBER,2019,EXTERNAL SOURCES ONLY,CARE INTERNATIONAL,,YES,NO,NO,NO,NO
30108501,101,LAND 0 LAKE,INCREASECROP YIELDS,75,AUGUST,2018,EXTERNAL SOURCES ONLY,TOTAL LAND CARE,connecting to big markets,NO,NO,NO,NO,YES
30108501,102,CONCERN UNIVERSAL,CONSERVATION AGRICULTURE,64,SEPTEMBER,2016,EXTERNAL SOURCES ONLY,TOTAL LAND CARE,,YES,NO,NO,NO,NO
30108502,101,CONCERN UNIVERSAL,IRRIGATION,145,APRIL,2019,FARMERS &amp; EXTERNAL SOURCES,CARE INTERNATIONAL,,YES,YES,NO,NO,NO
30110504,101,CEACER,AGRO-FORESTRY PRACTICES,200,OCTOBER,2016,EXTERNAL SOURCES ONLY,CARE INTERNATIONAL,,YES,YES,NO,NO,NO
30201510,101,VILLAGE AGRICULTURAL COMMITEE,INCREASECROP YIELDS,150,AUGUST,2018,EXTERNAL SOURCES ONLY,NASFAM,,YES,NO,NO,NO,NO
30206517,101,TUJILANE  AGRICULTURAL BASED PROJECT,INCREASECROP YIELDS,250,NOVEMBER,2015,FARMERS &amp; EXTERNAL SOURCES,TOTAL LAND CARE,,YES,YES,NO,YES,NO
30207518,101,TIGWILIZANE  SCHEME,INCREASECROP YIELDS,70,APRIL,2018,FARMERS ONLY,TOTAL LAND CARE,,YES,NO,NO,NO,NO
30208519,101,AGRICULTURAL ADVISER,IRRIGATION,78,SEPTEMBER,2000,FARMERS ONLY,NASFAM,,YES,YES,NO,NO,NO
30209520,101,TIYAMIKE  AGRICULTURAL BASED PROJECT,INCREASECROP YIELDS,15,SEPTEMBER,2016,FARMERS &amp; EXTERNAL SOURCES,NASFAM,,YES,NO,NO,NO,NO
30211524,101,TIYENDE PAMODZI RICE PROJECT,INCREASECROP YIELDS,250,FEBRUARY,2016,EXTERNAL SOURCES ONLY,TOTAL LAND CARE,,YES,YES,NO,NO,NO
30212526,101,RICE SCHEME  PROJECT,IRRIGATION,140,OCTOBER,1984,FARMERS ONLY,NASFAM,,NO,YES,NO,NO,NO
30301531,101,1 ACRE FUND,INCREASECROP YIELDS,14,JULY,2017,FARMERS ONLY,TOTAL LAND CARE,,NO,NO,YES,NO,NO
30302535,101,FARMERS FIELD SCHOOL (FFS),INCREASECROP YIELDS,4,SEPTEMBER,2016,FARMERS &amp; EXTERNAL SOURCES,NASFAM,,YES,NO,NO,NO,NO
30302535,102,ONE ACER FUND,INCREASECROP YIELDS,25,JANUARY,2015,FARMERS &amp; EXTERNAL SOURCES,TOTAL LAND CARE,,NO,NO,YES,NO,NO
30305539,101,UMODZI AGRICULTURAL BASED. PROJECT,INCREASECROP YIELDS,200,NOVEMBER,2004,FARMERS ONLY,TOTAL LAND CARE,,YES,NO,NO,NO,NO
30307545,101,FAO PROJECT,INCREASECROP YIELDS,25,SEPTEMBER,2016,FARMERS ONLY,CARE INTERNATIONAL,,YES,NO,NO,NO,NO
30307547,101,AFIKEPO AGRICULTURAL PROJECT,INCREASECROP YIELDS,60,AUGUST,2019,FARMERS ONLY,NASFAM,,YES,YES,NO,NO,NO
30309549,101,MPHULANYA IRRIGATION SCHEME PROJECT,INTRODUCE LEGUME COVER CROPS,60,SEPTEMBER,2016,FARMERS &amp; EXTERNAL SOURCES,NASFAM,,YES,NO,NO,NO,NO
30311551,102,NDUNDUMALA  AGRICULTURAL PROTECT,INCREASECROP YIELDS,60,JANUARY,2006,EXTERNAL SOURCES ONLY,TOTAL LAND CARE,,YES,YES,YES,NO,NO
30311551,101,TALANDIRA AGRICULTURAL BASED PROJECT,IRRIGATION,51,JANUARY,2006,EXTERNAL SOURCES ONLY,CARE INTERNATIONAL,,YES,YES,YES,NO,NO
30401554,101,TALANDIRA PROJECT,INCREASECROP YIELDS,26,NOVEMBER,2019,FARMERS ONLY,UNDP,,YES,YES,NO,NO,NO
30401555,101,LOAN FOR AGRICULTURE INPUTS,INCREASECROP YIELDS,40,JANUARY,2016,EXTERNAL SOURCES ONLY,,,NO,NO,YES,NO,NO
30401556,101,AFIKEPO PROJECT FUNDED BY WORLD VISION,INCREASECROP YIELDS,68,AUGUST,2018,FARMERS ONLY,UNDP,,YES,NO,NO,NO,NO
30402558,101,ONE ACRE FUND PROJECT,INCREASECROP YIELDS,15,OCTOBER,2019,FARMERS ONLY,TOTAL LAND CARE,,YES,YES,YES,NO,NO
30402560,101,ONE ACRE FUND,INCREASECROP YIELDS,45,SEPTEMBER,2016,FARMERS ONLY,TOTAL LAND CARE,,NO,NO,YES,NO,NO
30404564,101,CHICKEN FARMING BY VETERINARY,LIVESTOCK-PRODUCTION,15,JULY,2018,EXTERNAL SOURCES ONLY,,,YES,YES,NO,NO,NO
30404567,102,AFIKEPO. BY WORLD VISSION,INCREASECROP YIELDS,25,OCTOBER,2019,EXTERNAL SOURCES ONLY,NORAID,,YES,NO,NO,NO,NO
30404567,101,BETTER KULIMA PROJECT BY ACTION AID,INCREASECROP YIELDS,30,JULY,2018,FARMERS ONLY,NORAID,,YES,YES,NO,NO,NO
30406569,101,ESA PROJECT FUNDED BY WORLD VISSION,INCREASECROP YIELDS,27,NOVEMBER,2019,FARMERS ONLY,DIFD,,YES,YES,NO,NO,NO
30407571,101,ONE ACRE FUND,INCREASECROP YIELDS,30,SEPTEMBER,2016,FARMERS ONLY,NASFAM,,NO,NO,YES,NO,NO
30407572,101,LIVESTOCK PROJECT,LIVESTOCK-PRODUCTION,330,JANUARY,2018,EXTERNAL SOURCES ONLY,TOTAL LAND CARE,,YES,NO,NO,NO,NO
30408573,102,KULIMA,LIVESTOCK-PRODUCTION,150,JUNE,2018,FARMERS &amp; EXTERNAL SOURCES,UNDP,,YES,NO,NO,NO,NO
30408573,101,AFIKEPO,INCREASECROP YIELDS,150,JUNE,2018,FARMERS &amp; EXTERNAL SOURCES,UNDP,,YES,NO,NO,NO,NO
30409574,101,40 HRS PROJECT,INCREASECROP YIELDS,85,JULY,2016,FARMERS ONLY,NASFAM,,YES,NO,NO,NO,NO
30501576,101,LAND RESOURCE,REDUCE SOIL EROSION,4500,SEPTEMBER,2017,EXTERNAL SOURCES ONLY,TOTAL LAND CARE,,YES,NO,NO,NO,NO
30501577,101,PROJECT MALAWI,LIVESTOCK-PRODUCTION,10,APRIL,2007,FARMERS &amp; EXTERNAL SOURCES,CARE INTERNATIONAL,,YES,YES,NO,NO,NO
30501579,101,SAVE THE CHILDREN,NEW/IMPROVED VARIETIES,40,NOVEMBER,2015,EXTERNAL SOURCES ONLY,CARLA,,YES,YES,NO,NO,NO
30501579,102,DAPP,NEW/IMPROVED VARIETIES,80,JANUARY,2018,EXTERNAL SOURCES ONLY,CARE INTERNATIONAL,,YES,YES,NO,NO,NO
30502581,101,FISID,AGRO-FORESTRY PRACTICES,73,JULY,2016,EXTERNAL SOURCES ONLY,UNDP,,YES,NO,NO,YES,NO
30502581,102,WFP,REDUCE SOIL EROSION,73,JULY,2016,EXTERNAL SOURCES ONLY,UNDP,,YES,NO,NO,YES,NO
30503584,101,SOIL PROTECTION ALONG THE RIVER LIRANGWE,REDUCE SOIL EROSION,50,JULY,2017,EXTERNAL SOURCES ONLY,UNDP,,YES,YES,NO,YES,NO
30504586,101,TOTAL LAND CARE,NEW/IMPROVED VARIETIES,1500,MARCH,2007,EXTERNAL SOURCES ONLY,TOTAL LAND CARE,,YES,YES,NO,NO,NO
30504586,102,BLANTYRE CCAP SYNOD,LIVESTOCK-PRODUCTION,220,MARCH,2008,EXTERNAL SOURCES ONLY,DIFD,,YES,NO,NO,NO,NO
30504586,103,SAVE THE CHILDREN,INCREASECROP YIELDS,2700,MARCH,2012,EXTERNAL SOURCES ONLY,UNDP,,YES,NO,NO,NO,NO
30504586,104,SHIRE BASIN,AGRO-FORESTRY PRACTICES,2700,MARCH,2014,EXTERNAL SOURCES ONLY,DIFD,,YES,YES,YES,NO,NO
30505587,103,UBALE PROJECT,NEW/IMPROVED VARIETIES,300,MAY,2017,FARMERS ONLY,TOTAL LAND CARE,,YES,YES,NO,NO,NO
30505587,102,TOTAL LAND CARE,AGRO-FORESTRY PRACTICES,150,NOVEMBER,2006,FARMERS ONLY,TOTAL LAND CARE,,YES,YES,NO,NO,NO
30505587,101,FISID,REDUCE SOIL EROSION,742,JULY,2016,EXTERNAL SOURCES ONLY,UNDP,,YES,YES,NO,NO,NO
30506588,101,UBALE,IMPROVE SOIL QUALITY,4500,AUGUST,2018,EXTERNAL SOURCES ONLY,UNDP,,YES,YES,NO,NO,NO
30506588,102,OXFARM,REDUCE SOIL EROSION,1500,AUGUST,2019,EXTERNAL SOURCES ONLY,NASFAM,,YES,NO,NO,NO,NO
30506590,101,USAID,NEW/IMPROVED VARIETIES,10,SEPTEMBER,2017,EXTERNAL SOURCES ONLY,TOTAL LAND CARE,,YES,NO,NO,NO,NO
30506591,101,UBALE,AGRO-FORESTRY PRACTICES,650,NOVEMBER,2014,FARMERS &amp; EXTERNAL SOURCES,TOTAL LAND CARE,,YES,YES,NO,NO,NO
30507593,101,TOTAL LAND CARE,REDUCE SOIL EROSION,25,AUGUST,2017,EXTERNAL SOURCES ONLY,TOTAL LAND CARE,,YES,NO,NO,NO,NO
30508594,101,TOTAL LAND CARE,IMPROVE SOIL QUALITY,100,SEPTEMBER,2013,FARMERS ONLY,TOTAL LAND CARE,,YES,NO,NO,NO,NO
30508596,101,SAP,INCREASECROP YIELDS,58,JUNE,2014,FARMERS &amp; EXTERNAL SOURCES,TOTAL LAND CARE,,NO,YES,NO,NO,NO
30601599,101,NONE,,,,,,,,,,,,
30601600,101,MPASATSA MANO,INCREASECROP YIELDS,70,AUGUST,2000,EXTERNAL SOURCES ONLY,TOTAL LAND CARE,,YES,YES,NO,NO,NO
30601601,101,AGORA,INCREASECROP YIELDS,10,AUGUST,2018,EXTERNAL SOURCES ONLY,NASFAM,,YES,NO,NO,NO,NO
30601604,101,CADECOM,LIVESTOCK-PRODUCTION,20,DECEMBER,2016,EXTERNAL SOURCES ONLY,NORAID,,YES,YES,NO,NO,NO
30601605,101,IRRIGATION SCHEME,IRRIGATION,18,SEPTEMBER,2012,FARMERS &amp; EXTERNAL SOURCES,NORAID,,YES,YES,NO,NO,NO
30602609,101,NONE,,,,,,,,,,,,
30602610,101,FUMU,LIVESTOCK-PRODUCTION,60,JANUARY,2018,EXTERNAL SOURCES ONLY,NORAID,,YES,NO,NO,NO,NO
30603613,101,AGRICULTURE SCHEME,INCREASECROP YIELDS,21,JULY,2018,FARMERS &amp; EXTERNAL SOURCES,TOTAL LAND CARE,,YES,YES,NO,NO,NO
30603614,101,COVAMS,IMPROVE SOIL QUALITY,26,MAY,2015,EXTERNAL SOURCES ONLY,JICCA,,YES,NO,NO,NO,NO
30603614,102,FARMERS UNION,PRACTICES TO ADAPT TO CLIMATE CHANGE,260,JULY,2019,EXTERNAL SOURCES ONLY,UNDP,,YES,NO,NO,NO,NO
30603615,101,FARMERS UNION,LIVESTOCK-PRODUCTION,200,JUNE,2018,EXTERNAL SOURCES ONLY,DIFD,,YES,NO,NO,NO,NO
30603615,102,RED CROSS,LIVESTOCK-PRODUCTION,30,OCTOBER,2015,EXTERNAL SOURCES ONLY,ICRAF,,YES,NO,NO,NO,NO
30705624,102,MDRRP,LIVESTOCK-PRODUCTION,75,JANUARY,2019,EXTERNAL SOURCES ONLY,,Free livestocks given to Farmers,NO,NO,NO,NO,YES
30705624,101,AFIKEPO,INTRODUCE LEGUME COVER CROPS,90,AUGUST,2018,FARMERS &amp; EXTERNAL SOURCES,,,YES,YES,NO,NO,NO
30707627,101,WORLD VISION,IMPROVE SOIL QUALITY,40,MARCH,2012,EXTERNAL SOURCES ONLY,NASFAM,,YES,YES,NO,NO,NO
30709632,101,FIDP,IRRIGATION,14,JULY,2016,EXTERNAL SOURCES ONLY,,,YES,NO,NO,NO,NO
30710634,101,BANANA NURSERY,INCREASECROP YIELDS,140,FEBRUARY,2019,FARMERS &amp; EXTERNAL SOURCES,,,NO,YES,NO,NO,NO
30712638,101,KULIMA PROJECT,INCREASECROP YIELDS,210,OCTOBER,2019,EXTERNAL SOURCES ONLY,,,YES,NO,NO,NO,NO
30802646,101,WORLD VISION,INCREASECROP YIELDS,50,JANUARY,2013,EXTERNAL SOURCES ONLY,NASFAM,,YES,YES,NO,YES,NO
30803649,101,MONSANTO,IRRIGATION,55,SEPTEMBER,2016,FARMERS ONLY,TOTAL LAND CARE,,NO,YES,NO,NO,NO
30803650,101,FAO,IRRIGATION,60,JANUARY,2019,EXTERNAL SOURCES ONLY,CARLA,,YES,YES,NO,YES,NO
30805655,101,BANNANA FARMING,INCREASECROP YIELDS,30,NOVEMBER,2019,EXTERNAL SOURCES ONLY,JICCA,,YES,YES,YES,YES,NO
30805658,101,ADRA MALAWI,IRRIGATION,90,MAY,2018,EXTERNAL SOURCES ONLY,TOTAL LAND CARE,Fertilizer,YES,YES,NO,NO,YES
30901669,101,OXFAM,AGRO-FORESTRY PRACTICES,100,AUGUST,2019,EXTERNAL SOURCES ONLY,TOTAL LAND CARE,,NO,YES,NO,NO,NO
30902673,101,CADECOM,REDUCE SOIL EROSION,10,JANUARY,2015,EXTERNAL SOURCES ONLY,NASFAM,,NO,YES,YES,NO,NO
30903674,101,ADRA,PRACTICES TO ADAPT TO CLIMATE CHANGE,32,JUNE,2019,EXTERNAL SOURCES ONLY,NASFAM,,NO,YES,NO,NO,NO
30903675,101,ELARD,IRRIGATION,100,MARCH,2016,EXTERNAL SOURCES ONLY,TOTAL LAND CARE,provide work to members,YES,YES,YES,YES,YES
30904676,101,CONCERNED,MINIMUM TILLAGE/PLANTING PITS,300,JUNE,2019,EXTERNAL SOURCES ONLY,TOTAL LAND CARE,,NO,YES,YES,YES,NO
30906683,101,OXFARM,INCREASECROP YIELDS,131,JULY,2019,EXTERNAL SOURCES ONLY,NASFAM,,YES,YES,NO,YES,NO
31001687,101,WORLD VISION,INCREASECROP YIELDS,80,APRIL,2016,EXTERNAL SOURCES ONLY,UNDP,,YES,NO,NO,YES,NO
31001691,101,WORLD VISION,LIVESTOCK-PRODUCTION,20,MAY,1999,EXTERNAL SOURCES ONLY,UNDP,,NO,YES,NO,NO,NO
31001692,101,WATER CONSERVATION,AGRO-FORESTRY PRACTICES,50,APRIL,2017,EXTERNAL SOURCES ONLY,UNDP,,YES,YES,NO,NO,NO
31002693,101,IRRIGATION,INCREASECROP YIELDS,999,APRIL,2019,FARMERS ONLY,NASFAM,,YES,NO,NO,NO,NO
31002694,102,WORLD VISION,INCREASECROP YIELDS,16,MAY,2018,EXTERNAL SOURCES ONLY,UNDP,,YES,NO,NO,NO,NO
31002694,101,CARE,INCREASECROP YIELDS,12,APRIL,2019,EXTERNAL SOURCES ONLY,CARE INTERNATIONAL,,YES,NO,NO,NO,NO
31002695,103,NAC,INCREASECROP YIELDS,12,JUNE,2018,EXTERNAL SOURCES ONLY,NORAID,,YES,YES,NO,NO,NO
31002695,101,GOAL MALAWI,INCREASECROP YIELDS,17,JUNE,2016,EXTERNAL SOURCES ONLY,UNDP,,YES,YES,YES,NO,NO
31002695,102,WORLD VISION,INCREASECROP YIELDS,12,AUGUST,2018,EXTERNAL SOURCES ONLY,UNDP,,YES,YES,NO,NO,NO
31003696,102,EAGLES RELIEF SERVICES,INCREASECROP YIELDS,20,DECEMBER,2018,EXTERNAL SOURCES ONLY,UNDP,,NO,YES,NO,NO,NO
31003696,101,AGORA,INCREASECROP YIELDS,74,SEPTEMBER,2018,EXTERNAL SOURCES ONLY,UNDP,,NO,YES,NO,NO,NO
31003696,103,GOAL MALAWI,INCREASECROP YIELDS,11,JULY,2018,EXTERNAL SOURCES ONLY,UNDP,,YES,YES,NO,NO,NO
31003697,101,NYAFODYA SCHEME,IRRIGATION,235,MARCH,2015,EXTERNAL SOURCES ONLY,UNDP,,YES,YES,YES,NO,NO
31003698,101,CAR,INCREASECROP YIELDS,36,MAY,2012,EXTERNAL SOURCES ONLY,CARLA,,YES,YES,NO,NO,NO
31004699,101,GOAL MALAWI,IMPROVE SOIL QUALITY,32,NOVEMBER,2019,EXTERNAL SOURCES ONLY,CARE INTERNATIONAL,,YES,YES,NO,NO,NO
31005700,101,GAOL MALAWI,INCREASECROP YIELDS,300,APRIL,2019,EXTERNAL SOURCES ONLY,UNDP,,YES,NO,NO,NO,NO
31005701,102,GOAL MALAWI,INCREASECROP YIELDS,70,NOVEMBER,2019,EXTERNAL SOURCES ONLY,UNDP,,YES,YES,NO,NO,NO
31005701,103,CADECOM,CONSERVATION AGRICULTURE,240,JULY,2014,EXTERNAL SOURCES ONLY,UNDP,,YES,NO,NO,NO,NO
31005701,101,WORLD VISION,INCREASECROP YIELDS,240,APRIL,2018,EXTERNAL SOURCES ONLY,UNDP,,YES,NO,NO,NO,NO
31005701,104,EAGLES,AGRO-FORESTRY PRACTICES,1200,JUNE,2012,EXTERNAL SOURCES ONLY,UNDP,,YES,NO,NO,NO,NO
31006702,101,GOAL MALAWI,INCREASECROP YIELDS,179,APRIL,2019,EXTERNAL SOURCES ONLY,UNDP,,NO,YES,NO,NO,NO
31006702,103,WORLD VISION,INCREASECROP YIELDS,1630,APRIL,14,EXTERNAL SOURCES ONLY,UNDP,,YES,YES,NO,NO,NO
31006702,102,CADECOM,INCREASECROP YIELDS,83,JUNE,2014,EXTERNAL SOURCES ONLY,UNDP,,NO,YES,NO,NO,NO
31007703,101,MASAF,IMPROVE SOIL QUALITY,60,JANUARY,2016,EXTERNAL SOURCES ONLY,TOTAL LAND CARE,,NO,YES,NO,NO,NO
31007705,101,RED CROSS,INCREASECROP YIELDS,100,AUGUST,2019,EXTERNAL SOURCES ONLY,UNDP,,YES,YES,NO,NO,NO
31007705,103,WORLD VISION,INCREASECROP YIELDS,800,JUNE,2015,EXTERNAL SOURCES ONLY,UNDP,,YES,YES,NO,YES,NO
31007705,102,GOAL MALAWI,INCREASECROP YIELDS,102,JUNE,2019,EXTERNAL SOURCES ONLY,UNDP,,YES,YES,NO,NO,NO
31010707,101,EVANGELICAL LUTHERAN SERVICES,INCREASECROP YIELDS,2000,JUNE,2006,EXTERNAL SOURCES ONLY,CARE INTERNATIONAL,,YES,NO,NO,NO,NO
31010707,102,WORLD VISION,INCREASECROP YIELDS,331,APRIL,2017,EXTERNAL SOURCES ONLY,UNDP,,NO,YES,NO,NO,NO
31020708,101,CADECOM,PRACTICES TO ADAPT TO CLIMATE CHANGE,20,MARCH,2010,EXTERNAL SOURCES ONLY,TOTAL LAND CARE,,YES,YES,NO,NO,NO
31101709,101,CONCERN,INCREASECROP YIELDS,20,MAY,2019,EXTERNAL SOURCES ONLY,UNDP,,NO,YES,NO,NO,NO
31101710,101,ACTION AID,AGRO-FORESTRY PRACTICES,220,MAY,2017,EXTERNAL SOURCES ONLY,UNDP,,YES,NO,NO,NO,NO
31102711,101,SWALI,REDUCE SOIL EROSION,10,AUGUST,2019,FARMERS &amp; EXTERNAL SOURCES,TOTAL LAND CARE,,YES,NO,NO,NO,NO
31104712,101,CARE,INCREASECROP YIELDS,30,APRIL,2009,EXTERNAL SOURCES ONLY,CARE INTERNATIONAL,,YES,YES,NO,NO,NO
31104712,102,GOAL,LIVESTOCK-PRODUCTION,20,SEPTEMBER,2007,EXTERNAL SOURCES ONLY,UNDP,,NO,YES,NO,NO,NO
31104714,101,ACTION AID,AGRO-FORESTRY PRACTICES,14,AUGUST,2018,EXTERNAL SOURCES ONLY,UNDP,,YES,NO,NO,NO,NO
31104714,102,MASAF,AGRO-FORESTRY PRACTICES,30,JUNE,2014,EXTERNAL SOURCES ONLY,UNDP,,YES,NO,NO,NO,NO
31104715,101,CONNCERN,INCREASECROP YIELDS,200,JULY,2019,EXTERNAL SOURCES ONLY,UNDP,,YES,YES,NO,NO,NO
31104715,102,GOAL MALAWI,INCREASECROP YIELDS,120,MAY,2016,EXTERNAL SOURCES ONLY,UNDP,,YES,YES,NO,NO,NO
31104716,101,GOAL MALAWII,IMPROVE SOIL QUALITY,12,JUNE,2014,EXTERNAL SOURCES ONLY,UNDP,,YES,NO,NO,NO,NO
31104716,102,CONCERN,LIVESTOCK-PRODUCTION,12,JULY,2019,EXTERNAL SOURCES ONLY,UNDP,,NO,YES,NO,NO,NO
31105717,101,CARE,INCREASECROP YIELDS,200,SEPTEMBER,2015,EXTERNAL SOURCES ONLY,CARE INTERNATIONAL,,YES,NO,NO,NO,NO
31105717,102,CONCERN,INCREASECROP YIELDS,25,APRIL,2018,EXTERNAL SOURCES ONLY,UNDP,,YES,NO,NO,NO,NO
31105718,103,FOREST,AGRO-FORESTRY PRACTICES,100,MAY,2015,EXTERNAL SOURCES ONLY,TOTAL LAND CARE,,YES,YES,NO,YES,NO
31105718,102,WATERSHED,CONSERVATION AGRICULTURE,200,AUGUST,2017,EXTERNAL SOURCES ONLY,CARE INTERNATIONAL,,YES,YES,NO,NO,NO
31105718,101,NTAYA KHASU,REDUCE SOIL EROSION,30,OCTOBER,2016,EXTERNAL SOURCES ONLY,TOTAL LAND CARE,,YES,YES,NO,NO,NO
31105719,102,CARD,INCREASECROP YIELDS,130,MARCH,2019,EXTERNAL SOURCES ONLY,CARLA,,YES,YES,NO,NO,NO
31105719,101,CARE,INCREASECROP YIELDS,138,AUGUST,2015,EXTERNAL SOURCES ONLY,TOTAL LAND CARE,,YES,YES,NO,NO,NO
31106720,103,GOAL MALAWI,IRRIGATION,360,AUGUST,2012,EXTERNAL SOURCES ONLY,NASFAM,,YES,YES,NO,NO,NO
31106720,104,CONCERN WORLD WIDE,INCREASECROP YIELDS,210,JULY,2019,EXTERNAL SOURCES ONLY,CARLA,,YES,YES,NO,NO,NO
31106720,101,CARE MALAWI,REDUCE SOIL EROSION,499,JULY,2017,FARMERS &amp; EXTERNAL SOURCES,CARE INTERNATIONAL,,YES,YES,NO,NO,NO
31106720,102,ACTION AID,IMPROVE SOIL QUALITY,499,AUGUST,2017,FARMERS &amp; EXTERNAL SOURCES,CARE INTERNATIONAL,,YES,YES,NO,NO,NO
31106721,101,IRAD,INCREASECROP YIELDS,36,JUNE,2016,EXTERNAL SOURCES ONLY,UNDP,,YES,NO,NO,NO,NO
31107723,103,CADECOM,INCREASECROP YIELDS,200,AUGUST,2018,EXTERNAL SOURCES ONLY,UNDP,,YES,YES,NO,NO,NO
31107723,101,AFORESTATION,REDUCE SOIL EROSION,80,AUGUST,2019,EXTERNAL SOURCES ONLY,CARE INTERNATIONAL,,YES,YES,NO,NO,NO
31107723,102,CARD,IRRIGATION,200,MARCH,2017,EXTERNAL SOURCES ONLY,CARLA,,YES,YES,NO,NO,NO
31107725,101,ACTION AID,AGRO-FORESTRY PRACTICES,410,JANUARY,2016,FARMERS &amp; EXTERNAL SOURCES,UNDP,,YES,NO,NO,NO,NO
31108726,101,UBALE,NEW/IMPROVED VARIETIES,30,MAY,2015,EXTERNAL SOURCES ONLY,CARE INTERNATIONAL,,YES,YES,NO,NO,NO
31109727,102,GAOL MALAWI,INCREASECROP YIELDS,60,APRIL,2014,EXTERNAL SOURCES ONLY,UNDP,,YES,NO,NO,NO,NO
31109727,101,ACTION AID,IMPROVE SOIL QUALITY,325,JUNE,2018,EXTERNAL SOURCES ONLY,UNDP,,YES,NO,NO,NO,NO
31110728,101,SWALE,REDUCE SOIL EROSION,32,JULY,2019,EXTERNAL SOURCES ONLY,TOTAL LAND CARE,,YES,YES,NO,NO,NO
31120729,102,GAOL MALAWI,INCREASECROP YIELDS,20,APRIL,2018,EXTERNAL SOURCES ONLY,UNDP,,YES,NO,NO,NO,NO
31120729,101,CARE INTERNATIONAL,INCREASECROP YIELDS,200,MAY,2018,EXTERNAL SOURCES ONLY,CARE INTERNATIONAL,,YES,NO,NO,NO,NO
31120730,101,VAC,INCREASECROP YIELDS,13,NOVEMBER,2019,FARMERS ONLY,TOTAL LAND CARE,,YES,NO,NO,NO,NO
31201732,101,MWAYI WANTHU  BASED PROJECT,INCREASECROP YIELDS,20,FEBRUARY,2016,EXTERNAL SOURCES ONLY,CARE INTERNATIONAL,,NO,YES,YES,YES,NO
31201732,102,MANGO BASED PROJECT,NEW/IMPROVED VARIETIES,6,DECEMBER,2020,EXTERNAL SOURCES ONLY,CARLA,,YES,YES,NO,NO,NO
31201733,101,UNITED PURPOSE,IMPROVE SOIL QUALITY,1555,MARCH,2017,FARMERS ONLY,CARE INTERNATIONAL,,YES,NO,NO,NO,NO
31202735,101,TULANDANE AGRICULTURAL BASED  PROJECT,PRACTICES TO ADAPT TO CLIMATE CHANGE,80,APRIL,2016,EXTERNAL SOURCES ONLY,CARE INTERNATIONAL,,YES,NO,NO,NO,NO
31202738,102,PROSPER,LIVESTOCK-PRODUCTION,45,JULY,2019,EXTERNAL SOURCES ONLY,DIFD,,YES,YES,NO,NO,NO
31202738,101,FOOD FOR ASSERTS,AGRO-FORESTRY PRACTICES,268,JULY,2018,EXTERNAL SOURCES ONLY,CARE INTERNATIONAL,"production  of manure,",YES,NO,NO,NO,YES
31203739,102,NASFAM,NEW/IMPROVED VARIETIES,20,JANUARY,2016,EXTERNAL SOURCES ONLY,CARE INTERNATIONAL,seeds in retain with crops,NO,YES,NO,NO,YES
31203739,101,PROSPER,INCREASECROP YIELDS,31,AUGUST,2019,EXTERNAL SOURCES ONLY,CARE INTERNATIONAL,,YES,NO,NO,NO,NO
31203740,102,FIND YOUR FEET,CONSERVATION AGRICULTURE,1349,SEPTEMBER,2019,EXTERNAL SOURCES ONLY,NASFAM,,YES,NO,NO,NO,NO
31203740,101,PROSPER,IMPROVE SOIL QUALITY,290,SEPTEMBER,2019,EXTERNAL SOURCES ONLY,NASFAM,,YES,YES,NO,NO,NO
31203741,101,NGO,INCREASECROP YIELDS,15,JANUARY,2017,EXTERNAL SOURCES ONLY,CARE INTERNATIONAL,,YES,NO,NO,NO,NO
31204742,101,PROSPER,NEW/IMPROVED VARIETIES,82,NOVEMBER,2019,FARMERS &amp; EXTERNAL SOURCES,CARE INTERNATIONAL,,NO,YES,NO,NO,NO
31205744,101,TIPINDULE AGRICULTURE BASED PROJECT,LIVESTOCK-PRODUCTION,20,NOVEMBER,2017,EXTERNAL SOURCES ONLY,ICRAF,,YES,YES,YES,NO,NO
31205745,101,MALANGO AGRICULTURE SCHEME,INCREASECROP YIELDS,15,SEPTEMBER,2004,FARMERS &amp; EXTERNAL SOURCES,TOTAL LAND CARE,,YES,NO,NO,NO,NO
31205746,102,NKHAMA LIPINDULA,INCREASECROP YIELDS,100,OCTOBER,2009,FARMERS ONLY,ICRAF,,NO,YES,YES,NO,NO
31205746,101,NAKATALE SCHEME,INCREASECROP YIELDS,123,OCTOBER,2009,FARMERS ONLY,ICRAF,,YES,YES,NO,NO,NO
31208749,101,NJIRA PROJECT,INCREASECROP YIELDS,300,OCTOBER,2014,EXTERNAL SOURCES ONLY,CARE INTERNATIONAL,,YES,YES,NO,NO,NO
31208750,101,FARM BUSINESS  SCHOOL,LIVESTOCK-PRODUCTION,21,SEPTEMBER,2018,EXTERNAL SOURCES ONLY,CARE INTERNATIONAL,,YES,YES,NO,NO,NO
31208750,102,PROSPER,NEW/IMPROVED VARIETIES,15,SEPTEMBER,2019,EXTERNAL SOURCES ONLY,NASFAM,,YES,YES,NO,NO,NO
31302762,101,SAVE ENACT,INCREASECROP YIELDS,50,MAY,2014,EXTERNAL SOURCES ONLY,TOTAL LAND CARE,,YES,NO,NO,NO,NO
31302763,101,CHIMBAMILA,INCREASECROP YIELDS,30,MARCH,2019,EXTERNAL SOURCES ONLY,CARE INTERNATIONAL,,YES,YES,NO,NO,NO
31302763,102,TISINTHE FARM FIELD SCHOOL,INCREASECROP YIELDS,36,SEPTEMBER,2017,EXTERNAL SOURCES ONLY,NORAID,,YES,YES,NO,NO,NO
31302763,103,CHISANGALALO,INCREASECROP YIELDS,20,MARCH,2019,EXTERNAL SOURCES ONLY,CARE INTERNATIONAL,,NO,YES,NO,NO,NO
31303766,101,SAVE THE CHILDREN,INCREASECROP YIELDS,30,SEPTEMBER,2019,EXTERNAL SOURCES ONLY,CARE INTERNATIONAL,,YES,YES,NO,NO,NO
31303767,101,FARMER FIELD SCHOOL,CONSERVATION AGRICULTURE,17,SEPTEMBER,2018,EXTERNAL SOURCES ONLY,TOTAL LAND CARE,,NO,YES,NO,NO,NO
31303769,101,NONE,,,,,,,,,,,,
31304773,101,TIGWIRIZANE,IRRIGATION,12,SEPTEMBER,2019,EXTERNAL SOURCES ONLY,CARE INTERNATIONAL,,YES,YES,NO,NO,NO
31553815,101,MASAF,AGRO-FORESTRY PRACTICES,700,APRIL,2018,FARMERS &amp; EXTERNAL SOURCES,TOTAL LAND CARE,,YES,YES,NO,YES,NO
