case_id,HHID,fs_e01,fs_e02,fs_e02_oth,fs_e03,fs_e04a,fs_e04b,fs_e04c,fs_e04d,fs_e04e,fs_e04f,fs_e04g,fs_e04h,fs_e04i,fs_e04j,fs_e04k,fs_e05a,fs_e05b,fs_e06a,fs_e06b,fs_e06c,fs_e06d,fs_e06e,fs_e06f,fs_e06g,fs_e06h,fs_e06i,fs_e06j,fs_e07a,fs_e07b,fs_e08a,fs_e08b,fs_e08c,fs_e08d,fs_e08e,fs_e08f,fs_e08g,fs_e08h,fs_e08i,fs_e08j,fs_e08k,fs_e08l,fs_e09,fs_e10,fs_e11a,fs_e11b,fs_e11c,fs_e11d,fs_e11e,fs_e11f,fs_e11g,fs_e11h,fs_e11i,fs_e11j,fs_e12,fs_e13a,fs_e13b
102011240015,57e2c166f1fe4b028513be992b377f45,YES,AGGREGATED,,24,20,OTHER (SPECIFY),LARGE PAIL,FRESH,,NO,,,,,,480,,480,OTHER (SPECIFY),LARGE PAIL,FRESH,,480,OTHER (SPECIFY),LARGE PAIL,FRESH,,"YES, THE FIGURES MATCHED",,80000,OTHER (SPECIFY),LARGE PAIL,FRESH,,4000,0,LARGE BASKET,,FRESH,,3000,0,NO,1,SMALL BASKET,,FRESH,,1,SMALL BASKET,,FRESH,,ALMOST NONE,"YES, THE FIGURES MATCHED",
102011240076,1449dd2a736f4260b3a5c00c48c01665,YES,USIPA,,8,120,LARGE BASKET,,FRESH,,NO,,,,,,960,,960,LARGE BASKET,,FRESH,,960,LARGE BASKET,,FRESH,,"YES, THE FIGURES MATCHED",,960,LARGE BASKET,,FRESH,,9000,80,LARGE BASKET,,FRESH,,15000,6,YES,1,LARGE BASKET,,FRESH,,1,LARGE BASKET,,FRESH,,1/4,"YES, THE FIGURES MATCHED",
102011240127,4ed4eac64a2144b4b1eac7e946cebd36,YES,USIPA,,12,90,OTHER (SPECIFY),10 LITRE PAIL,FRESH,,NO,,,,,,1080,,1080,OTHER (SPECIFY),10 LITRE PAIL,FRESH,,1080,OTHER (SPECIFY),10 LITRE PAIL,FRESH,,"YES, THE FIGURES MATCHED",,87,OTHER (SPECIFY),10 LITRE PAIL,FRESH,,3000,1044,OTHER (SPECIFY),10 LITRE PAIL,FRESH,,3000,12,NO,1,OTHER (SPECIFY),10 LITRE PAIL,FRESH,,1,OTHER (SPECIFY),,FRESH,,ALMOST NONE,"YES, THE FIGURES MATCHED",
102031310144,bd08c9d072c74aa483eebcbf185de1cc,YES,MLAMBA,,8,10,SMALL BASKET,,FRESH,,NO,,,,,,80,,80,SMALL BASKET,,FRESH,,80,SMALL BASKET,,FRESH,,"YES, THE FIGURES MATCHED",,10,SMALL BASKET,,FRESH,,10000,5,SMALL BASKET,,FRESH,,1000,8,NO,0,SMALL BASKET,,FRESH,,0,SMALL BASKET,,FRESH,,ALMOST NONE,"YES, THE FIGURES MATCHED",
102031310144,bd08c9d072c74aa483eebcbf185de1cc,YES,CHAMBO,,8,7,LARGE BASKET,,FRESH,,NO,,,,,,56,,56,LARGE BASKET,,FRESH,,56,LARGE BASKET,,FRESH,,"YES, THE FIGURES MATCHED",,6,LARGE BASKET,,FRESH,,30000,28,LARGE BASKET,,FRESH,,30000,8,NO,3,DOZEN / BUNDLE,,FRESH,,3,DOZEN / BUNDLE,,FRESH,,1/4,"YES, THE FIGURES MATCHED",
102031310144,bd08c9d072c74aa483eebcbf185de1cc,YES,USIPA,,8,70,SMALL BASKET,,FRESH,,NO,,,,,,560,,560,SMALL BASKET,,FRESH,,560,SMALL BASKET,,FRESH,,"YES, THE FIGURES MATCHED",,9,SMALL BASKET,,FRESH,,3000,280,SMALL BASKET,,FRESH,,3000,8,NO,1,SMALL BASKET,,FRESH,,1,SMALL BASKET,,FRESH,,ALMOST NONE,"YES, THE FIGURES MATCHED",
102031310209,26598eb9e853402b86c1264b470a8af5,YES,OTHER,KABWIRI,12,2,LARGE BASKET,,FRESH,,NO,,,,,,24,,24,LARGE BASKET,,FRESH,,24,LARGE BASKET,,FRESH,,"YES, THE FIGURES MATCHED",,2,LARGE BASKET,,FRESH,,6500,0,LARGE BASKET,,FRESH,,6500,12,NO,2,DOZEN / BUNDLE,,FRESH,,24,DOZEN / BUNDLE,,FRESH,,ALMOST NONE,"YES, THE FIGURES MATCHED",
102031340149,fd3fde4884b849f88371920162c589a6,YES,AGGREGATED,,4,4,SMALL BASKET,,FRESH,,NO,,,,,,16,,16,SMALL BASKET,,FRESH,,16,SMALL BASKET,,FRESH,,"YES, THE FIGURES MATCHED",,10,SMALL BASKET,,FRESH,,25000,2,SMALL BASKET,,FRESH,,5000,4,NO,1,SMALL BASKET,,FRESH,,1,SMALL BASKET,,FRESH,,ALMOST NONE,"YES, THE FIGURES MATCHED",
102041360005,548671a98bbc444ebd442b6ca03df8a8,YES,USIPA,,4,0,PIECE,,FRESH,,NO,,,,,,0,,0,PIECE,,FRESH,,0,PIECE,,FRESH,,"YES, THE FIGURES MATCHED",,0,PIECE,,FRESH,,0,0,PIECE,,FRESH,,0,0,NO,0,PIECE,,FRESH,,0,PIECE,,FRESH,,ALMOST NONE,"YES, THE FIGURES MATCHED",
102041360174,e4f7cfdc75d844a3b86abf1a518e0104,YES,AGGREGATED,,3,3,OTHER (SPECIFY),BWATO LARGE,FRESH,,NO,,,,,,1200000,,5,OTHER (SPECIFY),BWATO,FRESH,,5,OTHER (SPECIFY),BWATO,FRESH,,"YES, THE FIGURES MATCHED",,5,OTHER (SPECIFY),BWATO,FRESH,,110000,3,OTHER (SPECIFY),BWATO,FRESH,,150000,4,YES,3,LARGE BASKET,,FRESH,,3,LARGE BASKET,,FRESH,,1/4,"YES, THE FIGURES MATCHED",
102041360205,9497ad3d50874b6e80a1ef28b6148e15,YES,USIPA,,3,0,PIECE,,SUN-DRIED,,NO,,,,,,0,,0,PIECE,,FRESH,,0,PIECE,,FRESH,,"YES, THE FIGURES MATCHED",,0,PIECE,,FRESH,,0,0,DOZEN / BUNDLE,,FRESH,,0,0,NO,0,PIECE,,FRESH,,0,PIECE,,FRESH,,ALMOST NONE,"YES, THE FIGURES MATCHED",
102041390006,899b06a1598e42308e88166a1b3b66d8,YES,USIPA,,4,500,LARGE BASKET,,FRESH,,NO,,,,,,1500000,,500,LARGE BASKET,,FRESH,,500,LARGE BASKET,,FRESH,,"YES, THE FIGURES MATCHED",,490,LARGE BASKET,,FRESH,,15000,70,LARGE BASKET,,FRESH,,1050000,4,YES,5,LARGE BASKET,,FRESH,,2,LARGE BASKET,,FRESH,,ALMOST NONE,"YES, THE FIGURES MATCHED",
102051410136,f1ce8161e4004670a8edf9f48ae59ed1,YES,NCHENI,,16,10,LARGE BASKET,,FRESH,,NO,,,,,,160,,160,LARGE BASKET,,FRESH,,160,LARGE BASKET,,FRESH,,"YES, THE FIGURES MATCHED",,148,LARGE BASKET,,FRESH,,9000,112,LARGE BASKET,,FRESH,,10000,16,NO,16,LARGE BASKET,,FRESH,,16,LARGE BASKET,,FRESH,,1/4,"YES, THE FIGURES MATCHED",
102051410136,f1ce8161e4004670a8edf9f48ae59ed1,YES,CHAMBO,,4,3,SMALL BASKET,,FRESH,,NO,,,,,,12,,12,SMALL BASKET,,FRESH,,12,SMALL BASKET,,FRESH,,"YES, THE FIGURES MATCHED",,3,SMALL BASKET,,FRESH,,5500,1,SMALL BASKET,,FRESH,,6000,4,NO,1,SMALL BASKET,,FRESH,,1,SMALL BASKET,,FRESH,,1/4,"YES, THE FIGURES MATCHED",
102051410136,f1ce8161e4004670a8edf9f48ae59ed1,YES,OTHER,KAMPANGO,8,30,PIECE,,FRESH,,NO,,,,,,240,,240,PIECE,,FRESH,,240,PIECE,,FRESH,,"YES, THE FIGURES MATCHED",,30,PIECE,,FRESH,,3000,120,PIECE,,FRESH,,3500,8,YES,0,PIECE,,FRESH,,0,PIECE,,FRESH,,ALMOST NONE,"YES, THE FIGURES MATCHED",
102051410186,13bfa8ac242f4ce3b8f823be3e7daf9d,YES,NCHENI,,12,3,LARGE BASKET,,FRESH,,NO,,,,,,36,,36,LARGE BASKET,,FRESH,,36,LARGE BASKET,,FRESH,,"YES, THE FIGURES MATCHED",,3,LARGE BASKET,,FRESH,,6000,48,SMALL BASKET,,FRESH,,8000,12,NO,24,SMALL BASKET,,FRESH,,2,SMALL BASKET,,FRESH,,1/2,"YES, THE FIGURES MATCHED",
102201430307,e9e09d1f25f045a2977e121c85cd8299,YES,AGGREGATED,,4,0,PIECE,,ICED,,NO,,,,,,0,,0,PIECE,,ICED,,0,PIECE,,ICED,,"YES, THE FIGURES MATCHED",,0,PIECE,,ICED,,0,0,PIECE,,ICED,,0,0,NO,0,SMALL BASKET,,ICED,,0,PIECE,,ICED,,ALMOST NONE,"YES, THE FIGURES MATCHED",
102201460042,165210a5cec9462990d6f144094ceb9d,YES,OTHER,SANJIKA,2,3,PIECE,,SMOKED,,NO,,,,,,23000,,500,PIECE,,SMOKED,,500,PIECE,,SMOKED,,"YES, THE FIGURES MATCHED",,100,PIECE,,SMOKED,,500,0,PIECE,,SMOKED,,500,2,YES,2,PIECE,,FRESH,,0,PIECE,,FRESH,,ALMOST NONE,"YES, THE FIGURES MATCHED",
103021520043,4a615fd4975e43baad72dbf120a5a3b4,YES,UTAKA,,6,1,LARGE BASKET,,FRESH,,NO,,,,,,6,,6,LARGE BASKET,,FRESH,,6,LARGE BASKET,,FRESH,,"YES, THE FIGURES MATCHED",,6,LARGE BASKET,,FRESH,,7000,2,LARGE BASKET,,FRESH,,11000,6,NO,1,10 KG BAG,,FRESH,,5,10 KG BAG,,FRESH,,1/4,"YES, THE FIGURES MATCHED",
103021520121,ca477b192b344b6da709672368794576,YES,USIPA,,12,300,LARGE BASKET,,FRESH,,NO,,,,,,900,,900,LARGE BASKET,,FRESH,,900,LARGE BASKET,,FRESH,,"YES, THE FIGURES MATCHED",,6,LARGE BASKET,,FRESH,,6000,54,LARGE BASKET,,FRESH,,35000,8,YES,0,KILOGRAM,,FRESH,,0,KILOGRAM,,FRESH,,ALMOST NONE,"YES, THE FIGURES MATCHED",
103041540194,789e0c9e34634b5e994240f549bf2e57,YES,MLAMBA,,1,5,PIECE,,FRESH,,NO,,,,,,15,,15,PIECE,,FRESH,,0,PIECE,,FRESH,,"YES, THE FIGURES MATCHED",,0,PIECE,,FRESH,,0,0,PIECE,,FRESH,,0,0,YES,5,PIECE,,FRESH,,2,PIECE,,FRESH,,3/4,"YES, THE FIGURES MATCHED",
103051560008,826f18cfb28f46b38a961caee38658c8,YES,UTAKA,,12,2,LARGE BASKET,,FRESH,,NO,,,,,,24,,24,LARGE BASKET,,FRESH,,24,LARGE BASKET,,FRESH,,"YES, THE FIGURES MATCHED",,24,LARGE BASKET,,FRESH,,30000,3,LARGE BASKET,,FRESH,,50000,12,YES,1,DOZEN / BUNDLE,,FRESH,,1,DOZEN / BUNDLE,,FRESH,,1/4,"YES, THE FIGURES MATCHED",
103051560014,c65b0436b3c74579a404d06664b6a048,YES,CHAMBO,,2,10,PIECE,,FRESH,,NO,,,,,,10,,10,PIECE,,FRESH,,10,PIECE,,FRESH,,"YES, THE FIGURES MATCHED",,10,PIECE,,FRESH,,1000,10,PIECE,,FRESH,,1000,2,YES,2,PIECE,,FRESH,,2,PIECE,,FRESH,,ALMOST NONE,"YES, THE FIGURES MATCHED",
103051560029,9e2b74583ee74f159721f71160ae0cf3,YES,CHAMBO,,12,6,5 KG BAG,,FRESH,,NO,,,,,,72,,72,5 KG BAG,,FRESH,,72,5 KG BAG,,FRESH,,"YES, THE FIGURES MATCHED",,6,5 KG BAG,,FRESH,,10000,4,5 KG BAG,,FRESH,,13000,12,YES,0,KILOGRAM,,FRESH,,0,KILOGRAM,,FRESH,,ALMOST NONE,"YES, THE FIGURES MATCHED",
103051560034,9f6ed8b2a26547da9e9864b87f12c00f,YES,UTAKA,,12,70,5 KG BAG,,FRESH,,NO,,,,,,840,,840,5 KG BAG,,FRESH,,840,5 KG BAG,,FRESH,,"YES, THE FIGURES MATCHED",,70,5 KG BAG,,FRESH,,2000,48,5 KG BAG,,FRESH,,3000,12,YES,0,5 KG BAG,,FRESH,,0,KILOGRAM,,FRESH,,ALMOST NONE,"YES, THE FIGURES MATCHED",
103051560121,dade4852b38646408924eabdff8e9155,YES,UTAKA,,24,3,LARGE BASKET,,FRESH,,NO,,,,,,72,,72,LARGE BASKET,,FRESH,,72,LARGE BASKET,,FRESH,,"YES, THE FIGURES MATCHED",,70,LARGE BASKET,,FRESH,,30000,70,LARGE BASKET,,FRESH,,2100000,24,YES,2,LARGE BASKET,,FRESH,,2,LARGE BASKET,,FRESH,,1/4,"YES, THE FIGURES MATCHED",
103051560124,ab73a5cba3ea4c39b51a134a3995c356,YES,UTAKA,,20,2,SMALL BASKET,,FRESH,,NO,,,,,,40,,40,SMALL BASKET,,FRESH,,40,SMALL BASKET,,FRESH,,"YES, THE FIGURES MATCHED",,2,SMALL BASKET,,FRESH,,5000,40,SMALL BASKET,,FRESH,,5000,20,YES,1,DOZEN / BUNDLE,,FRESH,,20,DOZEN / BUNDLE,,FRESH,,ALMOST NONE,"YES, THE FIGURES MATCHED",
103051560127,f986187c2e5e460fb5e1a6e0637c8ea5,YES,USIPA,,12,8,5 KG BAG,,FRESH,,NO,,,,,,96,,96,5 KG BAG,,FRESH,,96,5 KG BAG,,FRESH,,"YES, THE FIGURES MATCHED",,94,5 KG BAG,,FRESH,,2500,94,5 KG BAG,,FRESH,,2500,12,YES,2,5 KG BAG,,FRESH,,2,5 KG BAG,,FRESH,,1/4,"YES, THE FIGURES MATCHED",
103061570005,c683ba6225d24cbebdb0b6dc1e8881e4,YES,OTHER,GONG'O,4,1,KILOGRAM,,FRESH,,NO,,,,,,4,,4,KILOGRAM,,FRESH,,4,KILOGRAM,,FRESH,,"YES, THE FIGURES MATCHED",,0,KILOGRAM,,FRESH,,0,0,KILOGRAM,,FRESH,,0,0,NO,1,KILOGRAM,,FRESH,,1,KILOGRAM,,FRESH,,ALMOST ALL,"YES, THE FIGURES MATCHED",
103061570012,13908448d36c494db21d0ddfa12cac1e,YES,NCHENI,,20,100,PIECE,,FRESH,,NO,,,,,,5,,2000,PIECE,,FRESH,,2000,PIECE,,FRESH,,"YES, THE FIGURES MATCHED",,100,PIECE,,FRESH,,20000,40,PIECE,,FRESH,,8000,4,YES,20,PIECE,,FRESH,,10,PIECE,,FRESH,,1/4,"YES, THE FIGURES MATCHED",
103061570012,13908448d36c494db21d0ddfa12cac1e,YES,MLAMBA,,8,8,PIECE,,FRESH,,NO,,,,,,160,,712,PIECE,,FRESH,,712,PIECE,,FRESH,,"YES, THE FIGURES MATCHED",,20,PIECE,,FRESH,,6000,20,PIECE,,FRESH,,5000,4,YES,6,PIECE,,FRESH,,6,PIECE,,FRESH,,1/4,"YES, THE FIGURES MATCHED",
103061570040,6e7ecbbd6d7443399057e2e66f7889b3,YES,USIPA,,8,2,LARGE BASKET,,FRESH,,NO,,,,,,16,,16,LARGE BASKET,,FRESH,,16,LARGE BASKET,,FRESH,,"YES, THE FIGURES MATCHED",,16,LARGE BASKET,,FRESH,,60000,12,LARGE BASKET,,FRESH,,5000,8,YES,1,DOZEN / BUNDLE,,FRESH,,8,DOZEN / BUNDLE,,FRESH,,ALMOST NONE,"YES, THE FIGURES MATCHED",
103061570040,6e7ecbbd6d7443399057e2e66f7889b3,YES,OTHER,BATALA,8,150,PIECE,,FRESH,,NO,,,,,,1200,,1200,PIECE,,FRESH,,1200,PIECE,,FRESH,,"YES, THE FIGURES MATCHED",,1200,PIECE,,FRESH,,300,1200,PIECE,,FRESH,,300,8,YES,16,PIECE,,FRESH,,2,PIECE,,FRESH,,1/4,"YES, THE FIGURES MATCHED",
103061570199,95621fcb6a2e4500a79a407436ef8146,YES,UTAKA,,8,12,10 KG BAG,,FRESH,,NO,,,,,,72,,216,10 KG BAG,,FRESH,,216,10 KG BAG,,FRESH,,"YES, THE FIGURES MATCHED",,0,KILOGRAM,,SUN-DRIED,,0,0,KILOGRAM,,SUN-DRIED,,0,0,YES,0,KILOGRAM,,FRESH,,0,KILOGRAM,,FRESH,,ALMOST NONE,"YES, THE FIGURES MATCHED",
103061570203,3a350102d7ec42edadeec08e1f8555e9,YES,OTHER,BATALA,12,48,10 KG BAG,,FRESH,,NO,,,,,,288,,864,10 KG BAG,,FRESH,,864,10 KG BAG,,FRESH,,"YES, THE FIGURES MATCHED",,6,LARGE BASKET,,FRESH,,30000,1,10 KG BAG,,FRESH,,4000,0,YES,0,KILOGRAM,,FRESH,,0,KILOGRAM,,FRESH,,ALMOST NONE,"YES, THE FIGURES MATCHED",
103071590131,311fdbae1e814acaa952ab564c9f8460,YES,UTAKA,,2,7,LARGE BASKET,,FRESH,,NO,,,,,,2,,49,LARGE BASKET,,FRESH,,49,LARGE BASKET,,FRESH,,"YES, THE FIGURES MATCHED",,5,LARGE BASKET,,FRESH,,35000,4,LARGE BASKET,,FRESH,,15000,2,YES,2,DOZEN / BUNDLE,,FRESH,,1,SMALL BASKET,,FRESH,,1/4,"YES, THE FIGURES MATCHED",
103071590137,2ce10fc6386840e6855ee3010a428ec2,YES,UTAKA,,5,14,LARGE BASKET,,FRESH,,NO,,,,,,70,,70,LARGE BASKET,,FRESH,,70,LARGE BASKET,,FRESH,,"YES, THE FIGURES MATCHED",,13,LARGE BASKET,,FRESH,,25000,9,LARGE BASKET,,FRESH,,35000,3,NO,10,KILOGRAM,,FRESH,,10,KILOGRAM,,FRESH,,1/4,"YES, THE FIGURES MATCHED",
103071590145,ba5dcfc6f42e46f987ec987db024fd16,YES,UTAKA,,8,18,10 KG BAG,,FRESH,,NO,,,,,,144,,144,10 KG BAG,,FRESH,,144,10 KG BAG,,FRESH,,"YES, THE FIGURES MATCHED",,0,5 KG BAG,,FRESH,,0,72,10 KG BAG,,FRESH,,10000,0,NO,0,KILOGRAM,,FRESH,,0,PIECE,,FRESH,,ALMOST NONE,"YES, THE FIGURES MATCHED",
103071590169,56f929979a924f0dbf18f8b87bdf1cbd,YES,UTAKA,,2,1,SMALL BASKET,,FRESH,,NO,,,,,,2,,2,LARGE BASKET,,FRESH,,2,LARGE BASKET,,FRESH,,"YES, THE FIGURES MATCHED",,1,SMALL BASKET,,FRESH,,25000,2,LARGE BASKET,,FRESH,,25000,2,YES,1,SMALL BASKET,,FRESH,,2,SMALL BASKET,,FRESH,,1/4,"YES, THE FIGURES MATCHED",
103071590172,dc6bcfce915647c9bed0e4ccd5e21a23,YES,UTAKA,,10,2,SMALL BASKET,,FRESH,,NO,,,,,,20,,30,SMALL BASKET,,FRESH,,30,SMALL BASKET,,FRESH,,"YES, THE FIGURES MATCHED",,30,SMALL BASKET,,FRESH,,5000,2,SMALL BASKET,,FRESH,,10000,1,YES,1,DOZEN / BUNDLE,,FRESH,,5,PIECE,,FRESH,,ALMOST NONE,"YES, THE FIGURES MATCHED",
103071590219,6c6c3cc87562426aa6b2f0de01dc4b85,YES,USIPA,,0,0,KILOGRAM,,SUN-DRIED,,NO,,,,,,0,,0,KILOGRAM,,SUN-DRIED,,0,KILOGRAM,,SUN-DRIED,,"YES, THE FIGURES MATCHED",,5,5 KG BAG,,SUN-DRIED,,4500,0,KILOGRAM,,SUN-DRIED,,0,8,YES,0,KILOGRAM,,FRESH,,0,KILOGRAM,,SUN-DRIED,,ALMOST NONE,"YES, THE FIGURES MATCHED",
103071590219,6c6c3cc87562426aa6b2f0de01dc4b85,YES,UTAKA,,0,0,KILOGRAM,,FRESH,,NO,,,,,,0,,0,KILOGRAM,,FRESH,,0,KILOGRAM,,FRESH,,"YES, THE FIGURES MATCHED",,3,10 KG BAG,,SUN-DRIED,,4000,1,10 KG BAG,,SUN-DRIED,,8500,8,YES,0,KILOGRAM,,SUN-DRIED,,0,KILOGRAM,,SUN-DRIED,,ALMOST NONE,"YES, THE FIGURES MATCHED",
103091620009,8b22280141cf4613b3d2e9ef9da33d90,YES,NCHENI,,16,10,SMALL BASKET,,FRESH,,NO,,,,,,1792,,1792,SMALL BASKET,,FRESH,,1792,SMALL BASKET,,FRESH,,"YES, THE FIGURES MATCHED",,6,SMALL BASKET,,FRESH,,1500,5,SMALL BASKET,,FRESH,,2500,3,YES,2,SMALL BASKET,,SUN-DRIED,,2,SMALL BASKET,,SUN-DRIED,,1/4,"YES, THE FIGURES MATCHED",
103091620009,8b22280141cf4613b3d2e9ef9da33d90,YES,USIPA,,16,43,SMALL BASKET,,FRESH,,NO,,,,,,4816,,4816,SMALL BASKET,,FRESH,,4816,SMALL BASKET,,FRESH,,"YES, THE FIGURES MATCHED",,39,SMALL BASKET,,FRESH,,3000,624,SMALL BASKET,,FRESH,,4500,5,NO,3,SMALL BASKET,,FRESH,,3,SMALL BASKET,,FRESH,,1/4,"YES, THE FIGURES MATCHED",
103091620017,7bdeb0713a3a4be3adbd57b9d856c8ae,YES,NCHENI,,2,2,LARGE BASKET,,FRESH,,NO,,,,,,4,,8,LARGE BASKET,,FRESH,,8,LARGE BASKET,,FRESH,,"YES, THE FIGURES MATCHED",,2,LARGE BASKET,,FRESH,,5000,8,LARGE BASKET,,FRESH,,5000,2,YES,1,OTHER (SPECIFY),CHIGOBA,FRESH,,1,OTHER (SPECIFY),,FRESH,,1/4,"YES, THE FIGURES MATCHED",
103091620022,441a7583bdfa46bab21f95056eb32d95,YES,NCHENI,,6,4,LARGE BASKET,,FRESH,,NO,,,,,,24,,24,LARGE BASKET,,FRESH,,24,LARGE BASKET,,FRESH,,"YES, THE FIGURES MATCHED",,4,LARGE BASKET,,FRESH,,2500,24,LARGE BASKET,,FRESH,,2500,6,YES,20,PIECE,,FRESH,,20,PIECE,,FRESH,,1/4,"YES, THE FIGURES MATCHED",
103091620078,82a903b5201b4ad59bf79a87749d1e14,YES,USIPA,,9,30,LARGE BASKET,,FRESH,,NO,,,,,,270,,270,LARGE BASKET,,FRESH,,270,LARGE BASKET,,FRESH,,"YES, THE FIGURES MATCHED",,30,LARGE BASKET,,FRESH,,3000,25,LARGE BASKET,,FRESH,,3500,9,NO,20,SMALL BASKET,,FRESH,,1,SMALL BASKET,,SUN-DRIED,,1/4,"YES, THE FIGURES MATCHED",
103121640016,e4547af32128495991bf03d03a57f8db,YES,USIPA,,16,40,SMALL BASKET,,FRESH,,NO,,,,,,3880,,3880,SMALL BASKET,,FRESH,,3880,SMALL BASKET,,FRESH,,"YES, THE FIGURES MATCHED",,35,SMALL BASKET,,FRESH,,1500,600,SMALL BASKET,,FRESH,,3000,10,YES,2,SMALL BASKET,,FRESH,,2,SMALL BASKET,,FRESH,,1/4,"YES, THE FIGURES MATCHED",
103121640031,cdbb743f058e44b7b07d5ca1fd259661,YES,USIPA,,3,100,SMALL BASKET,,FRESH,,NO,,,,,,300,,300,SMALL BASKET,,FRESH,,300,SMALL BASKET,,FRESH,,"YES, THE FIGURES MATCHED",,100,SMALL BASKET,,FRESH,,2000,300,SMALL BASKET,,FRESH,,2000,3,YES,1,SMALL BASKET,,FRESH,,1,SMALL BASKET,,FRESH,,1/4,"YES, THE FIGURES MATCHED",
103121640062,4e809b335b844db28d06a96d374f87f2,YES,USIPA,,16,30,LARGE BASKET,,FRESH,,NO,,,,,,480,,280,SMALL BASKET,,FRESH,,280,SMALL BASKET,,FRESH,,"YES, THE FIGURES MATCHED",,30,SMALL BASKET,,FRESH,,2000,60,SMALL BASKET,,FRESH,,2000,8,YES,1,SMALL BASKET,,FRESH,,1,SMALL BASKET,,FRESH,,1/4,"YES, THE FIGURES MATCHED",
103121640062,4e809b335b844db28d06a96d374f87f2,YES,NCHENI,,9,5,SMALL BASKET,,SMOKED,,NO,,,,,,25,,25,SMALL BASKET,,SMOKED,,25,SMALL BASKET,,SMOKED,,"YES, THE FIGURES MATCHED",,25,SMALL BASKET,,SMOKED,,2000,25,SMALL BASKET,,SMOKED,,2000,7,YES,4,SMALL BASKET,,FRESH,,1,SMALL BASKET,,SMOKED,,1/4,"YES, THE FIGURES MATCHED",
103121650179,cba0fa54bfa74ada8d6382d8aab3fae7,YES,CHAMBO,,1,2,LARGE BASKET,,FRESH,,NO,,,,,,2,,2,LARGE BASKET,,FRESH,,2,LARGE BASKET,,FRESH,,"YES, THE FIGURES MATCHED",,2,LARGE BASKET,,FRESH,,85000,0,LARGE BASKET,,FRESH,,0,1,YES,2,LARGE BASKET,,FRESH,,2,LARGE BASKET,,FRESH,,ALMOST NONE,"YES, THE FIGURES MATCHED",
103121660089,ce97d4fe0ebb4eee8c921539ed3c178d,YES,MLAMBA,,3,5,PIECE,,FRESH,,NO,,,,,,15,,15,PIECE,,FRESH,,15,PIECE,,FRESH,,"YES, THE FIGURES MATCHED",,0,PIECE,,FRESH,,0,3,PIECE,,FRESH,,0,0,NO,5,PIECE,,FRESH,,5,PIECE,,FRESH,,ALMOST ALL,"YES, THE FIGURES MATCHED",
104041780004,c9ab0b29b74e40bc93bbe4d1f541192a,YES,USIPA,,20,60,LARGE BASKET,,FRESH,,NO,,,,,,1200,,1200,LARGE BASKET,,FRESH,,0,LARGE BASKET,,FRESH,,"YES, THE FIGURES MATCHED",,1200,LARGE BASKET,,FRESH,,10000,0,LARGE BASKET,,FRESH,,0,20,YES,1,LARGE BASKET,,FRESH,,20,LARGE BASKET,,FRESH,,ALMOST NONE,"YES, THE FIGURES MATCHED",
104041780137,c99c252d0f00467aa85701cf5642b95a,YES,UTAKA,,4,3,LARGE BASKET,,FRESH,,NO,,,,,,12,,12,LARGE BASKET,,FRESH,,12,LARGE BASKET,,FRESH,,"YES, THE FIGURES MATCHED",,28,LARGE BASKET,,FRESH,,6000,8,LARGE BASKET,,FRESH,,8000,4,YES,1,SMALL BASKET,,FRESH,,1,SMALL BASKET,,FRESH,,3/4,"YES, THE FIGURES MATCHED",
105041980029,2e0b88f7cb60435a8d92895d33ac50c4,YES,OTHER,KAZUNI,9,2,SMALL BASKET,,FRESH,,NO,,,,,,18,,18,SMALL BASKET,,FRESH,,18,SMALL BASKET,,FRESH,,"YES, THE FIGURES MATCHED",,3,SMALL BASKET,,SUN-DRIED,,1000,1,SMALL BASKET,,FRESH,,2000,0,YES,12,SMALL BASKET,,FRESH,,2,SMALL BASKET,,FRESH,,3/4,"YES, THE FIGURES MATCHED",
106012110001,197c13ae874b4907980b611acb5cdf03,YES,UTAKA,,3,4,LARGE BASKET,,FRESH,,NO,,,,,,24,,4,LARGE BASKET,,FRESH,,4,LARGE BASKET,,FRESH,,"YES, THE FIGURES MATCHED",,4,LARGE BASKET,,FRESH,,6000,1,SMALL BASKET,,FRESH,,3000,4,YES,1,DOZEN / BUNDLE,,FRESH,,1,DOZEN / BUNDLE,,FRESH,,1/4,"YES, THE FIGURES MATCHED",
106012110001,197c13ae874b4907980b611acb5cdf03,YES,NCHENI,,8,3,LARGE BASKET,,FRESH,,NO,,,,,,24,,24,LARGE BASKET,,FRESH,,24,LARGE BASKET,,FRESH,,"YES, THE FIGURES MATCHED",,3,LARGE BASKET,,FRESH,,5000,1,SMALL BASKET,,FRESH,,2500,8,YES,2,DOZEN / BUNDLE,,FRESH,,1,DOZEN / BUNDLE,,FRESH,,1/4,"YES, THE FIGURES MATCHED",
106012110004,d44fc041d3cf42928b460ca5e04ead07,YES,USIPA,,8,30,LARGE BASKET,,FRESH,,NO,,,,,,240,,240,LARGE BASKET,,FRESH,,240,LARGE BASKET,,FRESH,,"YES, THE FIGURES MATCHED",,30,LARGE BASKET,,FRESH,,10000,20,LARGE BASKET,,FRESH,,30000,4,YES,1,5 KG BAG,,FRESH,,1,5 KG BAG,,FRESH,,ALMOST NONE,"YES, THE FIGURES MATCHED",
106012110035,555df629fecb46188e9ac0d9c6604c15,YES,UTAKA,,5,15,LARGE BASKET,,FRESH,,NO,,,,,,45,,75,LARGE BASKET,,FRESH,,75,LARGE BASKET,,FRESH,,"YES, THE FIGURES MATCHED",,15,LARGE BASKET,,FRESH,,35000,75,LARGE BASKET,,FRESH,,35000,5,YES,2,DOZEN / BUNDLE,,FRESH,,2,DOZEN / BUNDLE,,FRESH,,1/4,"YES, THE FIGURES MATCHED",
106012110048,342472e366f946749694e1d4073060b9,YES,UTAKA,,2,4,LARGE BASKET,,FRESH,,NO,,,,,,26000,,192,LARGE BASKET,,FRESH,,192,LARGE BASKET,,FRESH,,"YES, THE FIGURES MATCHED",,192,LARGE BASKET,,FRESH,,13000,192,LARGE BASKET,,FRESH,,13000,2,NO,1,SMALL BASKET,,SMOKED,,1,SMALL BASKET,,SMOKED,,1/4,"YES, THE FIGURES MATCHED",
106012110048,342472e366f946749694e1d4073060b9,YES,USIPA,,24,960,LARGE BASKET,,FRESH,,NO,,,,,,960000,,960,LARGE BASKET,,FRESH,,960000,LARGE BASKET,,FRESH,,"YES, THE FIGURES MATCHED",,960000,LARGE BASKET,,FRESH,,10000,6,LARGE BASKET,,FRESH,,20000,24,NO,1,SMALL BASKET,,SMOKED,,1,SMALL BASKET,,SMOKED,,1/4,"YES, THE FIGURES MATCHED",
106012110053,543cc1d9ba2441ada5fcb314ba212923,YES,UTAKA,,24,4,LARGE BASKET,,FRESH,,NO,,,,,,142,,142,LARGE BASKET,,FRESH,,0,LARGE BASKET,,FRESH,,"YES, THE FIGURES MATCHED",,112,LARGE BASKET,,FRESH,,20000,28,LARGE BASKET,,FRESH,,20000,28,YES,1,LARGE BASKET,,FRESH,,1,LARGE BASKET,,SMOKED,,ALMOST NONE,"YES, THE FIGURES MATCHED",
106012110070,db8d62f269ce4087b6888253bfe2c32b,YES,NCHENI,,3,12,LARGE BASKET,,FRESH,,NO,,,,,,36,,12,LARGE BASKET,,FRESH,,12,LARGE BASKET,,FRESH,,"YES, THE FIGURES MATCHED",,12,LARGE BASKET,,FRESH,,15000,6,SMALL BASKET,,FRESH,,10000,3,NO,1,SMALL BASKET,,SUN-DRIED,,36,SMALL BASKET,,FRESH,,1/4,"YES, THE FIGURES MATCHED",
106012110078,f7c465a554084ab4a81239bb6dbb1e4d,YES,USIPA,,24,20,LARGE BASKET,,FRESH,,NO,,,,,,480,,480,LARGE BASKET,,FRESH,,480,LARGE BASKET,,FRESH,,"YES, THE FIGURES MATCHED",,20,LARGE BASKET,,FRESH,,20000,480,LARGE BASKET,,FRESH,,400000,24,YES,1,DOZEN / BUNDLE,,FRESH,,1,DOZEN / BUNDLE,,FRESH,,ALMOST NONE,"YES, THE FIGURES MATCHED",
106012110078,f7c465a554084ab4a81239bb6dbb1e4d,YES,OTHER,BATALA,24,15,PIECE,,FRESH,,NO,,,,,,2520,,2520,PIECE,,FRESH,,2520,PIECE,,FRESH,,"YES, THE FIGURES MATCHED",,105,PIECE,,FRESH,,4500,120,PIECE,,FRESH,,1500,24,YES,1,PIECE,,SMOKED,,1,PIECE,,FRESH,,ALMOST NONE,"YES, THE FIGURES MATCHED",
106012110094,71d995caf65841f08abada272723506d,YES,UTAKA,,12,60,10 KG BAG,,FRESH,,NO,,,,,,600,,600,10 KG BAG,,FRESH,,600,10 KG BAG,,FRESH,,"YES, THE FIGURES MATCHED",,0,KILOGRAM,,FRESH,,0,0,KILOGRAM,,FRESH,,0,0,NO,0,KILOGRAM,,FRESH,,0,KILOGRAM,,FRESH,,ALMOST NONE,"YES, THE FIGURES MATCHED",
106012110109,d4f329c6aab0471a8b64d42108bbf047,YES,UTAKA,,12,90,25 KG BAG,,FRESH,,NO,,,,,,540,,540,25 KG BAG,,FRESH,,540,25 KG BAG,,FRESH,,"YES, THE FIGURES MATCHED",,0,KILOGRAM,,FRESH,,0,0,KILOGRAM,,FRESH,,0,0,YES,0,KILOGRAM,,FRESH,,0,KILOGRAM,,FRESH,,ALMOST NONE,"YES, THE FIGURES MATCHED",
106012110360,8b8846595c544806a0848e62b383f1a3,YES,OTHER,JAMISON,12,10,SMALL BASKET,,SUN-DRIED,,NO,,,,,,120,,120,SMALL BASKET,,SUN-DRIED,,120,SMALL BASKET,,SUN-DRIED,,"YES, THE FIGURES MATCHED",,120,SMALL BASKET,,SUN-DRIED,,20000,2,SMALL BASKET,,SUN-DRIED,,20000,12,NO,0,SMALL BASKET,,SUN-DRIED,,1,SMALL BASKET,,SUN-DRIED,,1/4,"YES, THE FIGURES MATCHED",
106012110398,0eb1bca745c64cf0b7c6a3f44598e6de,YES,UTAKA,,12,4,LARGE BASKET,,SUN-DRIED,,NO,,,,,,240,,240,LARGE BASKET,,SUN-DRIED,,240,LARGE BASKET,,SUN-DRIED,,"YES, THE FIGURES MATCHED",,0,KILOGRAM,,FRESH,,0,0,SMALL BASKET,,FRESH,,0,0,YES,0,KILOGRAM,,SUN-DRIED,,0,KILOGRAM,,SUN-DRIED,,ALMOST NONE,"YES, THE FIGURES MATCHED",
106012110398,0eb1bca745c64cf0b7c6a3f44598e6de,YES,NCHENI,,12,120,10 KG BAG,,FRESH,,NO,,,,,,720,,720,10 KG BAG,,FRESH,,720,10 KG BAG,,FRESH,,"YES, THE FIGURES MATCHED",,0,KILOGRAM,,FRESH,,0,0,SMALL BASKET,,FRESH,,0,0,YES,0,KILOGRAM,,FRESH,,0,KILOGRAM,,SMOKED,,ALMOST NONE,"YES, THE FIGURES MATCHED",
106012110432,bd8f8975d684493d8129ce8b7c1f8d5d,YES,NCHENI,,12,6,10 KG BAG,,FRESH,,NO,,,,,,60,,180,10 KG BAG,,FRESH,,180,10 KG BAG,,FRESH,,"YES, THE FIGURES MATCHED",,0,KILOGRAM,,FRESH,,0,21,10 KG BAG,,FRESH,,6000,0,YES,0,KILOGRAM,,SUN-DRIED,,0,KILOGRAM,,SUN-DRIED,,ALMOST NONE,"YES, THE FIGURES MATCHED",
106012110432,bd8f8975d684493d8129ce8b7c1f8d5d,YES,UTAKA,,12,20,LARGE BASKET,,FRESH,,NO,,,,,,120,,360,LARGE BASKET,,FRESH,,360,LARGE BASKET,,FRESH,,"YES, THE FIGURES MATCHED",,0,KILOGRAM,,SUN-DRIED,,0,6,SMALL BASKET,,SUN-DRIED,,7000,0,NO,0,KILOGRAM,,SUN-DRIED,,0,KILOGRAM,,SUN-DRIED,,ALMOST NONE,"YES, THE FIGURES MATCHED",
106012120040,c6618cc94bad4c4f94f1bdea292492ad,YES,UTAKA,,4,200,KILOGRAM,,FRESH,,NO,,,,,,800,,800,KILOGRAM,,FRESH,,16000,KILOGRAM,,FRESH,,"YES, THE FIGURES MATCHED",,800,KILOGRAM,,FRESH,,25000,25,10 KG BAG,,FRESH,,25000,4,YES,70,KILOGRAM,,FRESH,,0,KILOGRAM,,FRESH,,ALMOST NONE,"YES, THE FIGURES MATCHED",
106012120044,0be0747c8c6b45ab805f47e59f7e7dcf,YES,UTAKA,,4,70,KILOGRAM,,FRESH,,NO,,,,,,280,,280,KILOGRAM,,FRESH,,280,KILOGRAM,,FRESH,,"YES, THE FIGURES MATCHED",,50,KILOGRAM,,FRESH,,4500,50,KILOGRAM,,FRESH,,4500,4,YES,10,KILOGRAM,,FRESH,,0,PIECE,,FRESH,,ALMOST NONE,"YES, THE FIGURES MATCHED",
106012120081,0bf40235b9c144faaab974ee944a4bd0,YES,MLAMBA,,16,2,SMALL BASKET,,SMOKED,,NO,,,,,,32,,32,SMALL BASKET,,SMOKED,,32,SMALL BASKET,,SMOKED,,"YES, THE FIGURES MATCHED",,32,SMALL BASKET,,SMOKED,,10000,2,PIECE,,SMOKED,,1000,32,YES,5,PIECE,,FRESH,,5,PIECE,,FRESH,,1/4,"YES, THE FIGURES MATCHED",
106012120081,0bf40235b9c144faaab974ee944a4bd0,YES,OTHER,MBUVU,32,2,SMALL BASKET,,SUN-DRIED,,NO,,,,,,32,,32,SMALL BASKET,,SUN-DRIED,,32,SMALL BASKET,,SUN-DRIED,,"YES, THE FIGURES MATCHED",,15000,SMALL BASKET,,SUN-DRIED,,15000,3,PIECE,,SUN-DRIED,,1200,16,YES,7,PIECE,,FRESH,,7,PIECE,,FRESH,,1/4,"YES, THE FIGURES MATCHED",
106012120104,6be3950e67f949b3ba53e41510beb3f8,YES,UTAKA,,0,0,KILOGRAM,,FRESH,,NO,,,,,,0,,0,KILOGRAM,,FRESH,,0,KILOGRAM,,FRESH,,"YES, THE FIGURES MATCHED",,520,KILOGRAM,,SUN-DRIED,,1560000,52,10 KG BAG,,SUN-DRIED,,3000,4,YES,20,KILOGRAM,,SUN-DRIED,,10,KILOGRAM,,FRESH,,ALMOST NONE,"YES, THE FIGURES MATCHED",
106012120152,aa136f9bff0e4b0f97b0689ac633ee3c,YES,USIPA,,4,6,OTHER (SPECIFY),BOAT,FRESH,,YES,6,OTHER (SPECIFY),BOAT,SUN-DRIED,,36,36,6,OTHER (SPECIFY),BOAT,SUN-DRIED,,36,OTHER (SPECIFY),BOAT,FRESH,,"YES, THE FIGURES MATCHED",,6,OTHER (SPECIFY),BOAT,FRESH,,600000,450000,OTHER (SPECIFY),BOAT,FRESH,,1,6,YES,1,SMALL BASKET,,FRESH,,6,SMALL BASKET,,FRESH,,1/2,"YES, THE FIGURES MATCHED",
106012120242,9c7dca1046d247c6a16cc488615aa027,YES,MLAMBA,,4,4,SMALL BASKET,,FRESH,,NO,,,,,,32,,10,SMALL BASKET,,FRESH,,10,SMALL BASKET,,FRESH,,"YES, THE FIGURES MATCHED",,100000,SMALL BASKET,,FRESH,,7000,5,SMALL BASKET,,FRESH,,5000,4,NO,2,SMALL BASKET,,FRESH,,3,SMALL BASKET,,FRESH,,1/2,"YES, THE FIGURES MATCHED",
202012610034,1a66dc2cc2f443e9bf44d36163d02efe,YES,UTAKA,,16,2,SMALL BASKET,,FRESH,,NO,,,,,,32,,32,SMALL BASKET,,FRESH,,32,SMALL BASKET,,FRESH,,"YES, THE FIGURES MATCHED",,1,SMALL BASKET,,FRESH,,20000,32,SMALL BASKET,,FRESH,,20000,16,YES,1,SMALL BASKET,,FRESH,,32,SMALL BASKET,,FRESH,,1/2,"YES, THE FIGURES MATCHED",
202012610034,1a66dc2cc2f443e9bf44d36163d02efe,YES,MLAMBA,,16,70,PIECE,,FRESH,,NO,,,,,,1120,,1120,PIECE,,FRESH,,1120,PIECE,,FRESH,,"YES, THE FIGURES MATCHED",,50,PIECE,,FRESH,,500,1120,PIECE,,FRESH,,500,16,YES,20,PIECE,,FRESH,,320,PIECE,,FRESH,,1/4,"YES, THE FIGURES MATCHED",
202012610047,829cfd6017e042bfbd03078497083042,YES,MLAMBA,,2,15,PIECE,,FRESH,,NO,,,,,,90,,0,PIECE,,FRESH,,0,PIECE,,FRESH,,"YES, THE FIGURES MATCHED",,80,PIECE,,FRESH,,80000,80000,PIECE,,FRESH,,80000,2,YES,10,PIECE,,FRESH,,0,PIECE,,FRESH,,1/4,"YES, THE FIGURES MATCHED",
202012640112,93da393f2e0349aabebd3923f9bb6cee,YES,MATEMBA,,2,1,5 KG BAG,,FRESH,,NO,,,,,,25,,25,5 KG BAG,,FRESH,,50,5 KG BAG,,FRESH,,"YES, THE FIGURES MATCHED",,1,5 KG BAG,,FRESH,,5000,0,5 KG BAG,,FRESH,,0,1,YES,1,DOZEN / BUNDLE,,FRESH,,0,DOZEN / BUNDLE,,FRESH,,ALMOST ALL,"YES, THE FIGURES MATCHED",
202012640113,0ff40b7a5a2e4ed988266cf0f5ded053,YES,OTHER,SANJIKA,2,1,5 KG BAG,,FRESH,,NO,,,,,,25,,25,5 KG BAG,,FRESH,,50,5 KG BAG,,FRESH,,"YES, THE FIGURES MATCHED",,0,5 KG BAG,,FRESH,,0,0,PIECE,,FRESH,,0,0,YES,1,5 KG BAG,,FRESH,,5,5 KG BAG,,FRESH,,ALMOST ALL,"YES, THE FIGURES MATCHED",
202012640155,bd7f18d847f8471c91dbe306fce4555e,YES,UTAKA,,4,1,LARGE BASKET,,FRESH,,NO,,,,,,4,,4,LARGE BASKET,,FRESH,,4,LARGE BASKET,,FRESH,,"YES, THE FIGURES MATCHED",,30000,LARGE BASKET,,FRESH,,8000,0,PIECE,,FRESH,,0,0,NO,2,SMALL BASKET,,FRESH,,3,SMALL BASKET,,FRESH,,1/4,"YES, THE FIGURES MATCHED",
202012640209,338025b7ebba4cde9ee471f5a3750a6f,YES,UTAKA,,12,2,LARGE BASKET,,FRESH,,NO,,,,,,24,,24,LARGE BASKET,,FRESH,,24,LARGE BASKET,,FRESH,,"YES, THE FIGURES MATCHED",,2,LARGE BASKET,,FRESH,,5000,24,LARGE BASKET,,FRESH,,5000,12,YES,1,DOZEN / BUNDLE,,FRESH,,1,DOZEN / BUNDLE,,FRESH,,1/4,"YES, THE FIGURES MATCHED",
202012640248,2e467500122f43dbb03b768163ece17b,YES,UTAKA,,16,1,LARGE BASKET,,FRESH,,NO,,,,,,16,,16,LARGE BASKET,,FRESH,,16,LARGE BASKET,,FRESH,,"YES, THE FIGURES MATCHED",,1,LARGE BASKET,,FRESH,,15000,16,LARGE BASKET,,FRESH,,15000,16,YES,1,DOZEN / BUNDLE,,FRESH,,1,DOZEN / BUNDLE,,FRESH,,ALMOST NONE,"YES, THE FIGURES MATCHED",
202012640252,1961dbf9c3a947129d725cac98bf73b1,YES,MLAMBA,,8,12,PIECE,,FRESH,,NO,,,,,,8,,96,PIECE,,FRESH,,96,PIECE,,FRESH,,"YES, THE FIGURES MATCHED",,6,PIECE,,FRESH,,18000,96,PIECE,,FRESH,,18000,12,YES,6,PIECE,,FRESH,,6,PIECE,,FRESH,,1/2,"YES, THE FIGURES MATCHED",
202012650095,2e692dc43c35455bab5717f379e70413,YES,OTHER,NSANJIKA,6,7,PIECE,,FRESH,,NO,,,,,,42,,42,PIECE,,FRESH,,42,PIECE,,FRESH,,"YES, THE FIGURES MATCHED",,0,PIECE,,FRESH,,0,0,PIECE,,FRESH,,0,0,YES,7,PIECE,,FRESH,,7,PIECE,,FRESH,,ALMOST ALL,"YES, THE FIGURES MATCHED",
202012650174,f220d6e4a1004dc6b8edadafd7c6c6e8,YES,OTHER,MPHONDO,4,1,SMALL BASKET,,FRESH,,NO,,,,,,4,,4,SMALL BASKET,,FRESH,,4,SMALL BASKET,,FRESH,,"YES, THE FIGURES MATCHED",,0,SMALL BASKET,,FRESH,,0,0,SMALL BASKET,,FRESH,,0,0,YES,1,SMALL BASKET,,FRESH,,1,SMALL BASKET,,FRESH,,ALMOST ALL,"YES, THE FIGURES MATCHED",
202012650174,f220d6e4a1004dc6b8edadafd7c6c6e8,YES,MLAMBA,,4,24,PIECE,,FRESH,,NO,,,,,,24,,24,PIECE,,FRESH,,24,PIECE,,FRESH,,"YES, THE FIGURES MATCHED",,0,PIECE,,FRESH,,0,0,PIECE,,FRESH,,0,0,YES,24,PIECE,,FRESH,,24,PIECE,,FRESH,,ALMOST ALL,"YES, THE FIGURES MATCHED",
202032690313,2f56bc91ee38466598a2327d0e8f3008,YES,MLAMBA,,16,12,PIECE,,FRESH,,NO,,,,,,192,,192,PIECE,,FRESH,,192,PIECE,,FRESH,,"YES, THE FIGURES MATCHED",,112,PIECE,,FRESH,,100,0,PIECE,,FRESH,,0,16,YES,80,PIECE,,FRESH,,80,PIECE,,FRESH,,3/4,"YES, THE FIGURES MATCHED",
202032690313,2f56bc91ee38466598a2327d0e8f3008,YES,OTHER,NKHUTUTU,8,4,PIECE,,FRESH,,NO,,,,,,32,,32,PIECE,,FRESH,,32,PIECE,,FRESH,,"YES, THE FIGURES MATCHED",,16,PIECE,,FRESH,,150,0,PIECE,,FRESH,,150,8,YES,16,PIECE,,FRESH,,16,PIECE,,FRESH,,1/2,"YES, THE FIGURES MATCHED",
202032690331,a00372954140485a946b116b74ab74a7,YES,MLAMBA,,16,70,PIECE,,FRESH,,NO,,,,,,1120,,1120,PIECE,,FRESH,,1120,PIECE,,FRESH,,"YES, THE FIGURES MATCHED",,49,PIECE,,FRESH,,100,0,PIECE,,FRESH,,100,16,YES,21,PIECE,,FRESH,,21,PIECE,,FRESH,,1/4,"YES, THE FIGURES MATCHED",
202032690331,a00372954140485a946b116b74ab74a7,YES,OTHER,NKHUTUTU,16,210,PIECE,,FRESH,,NO,,,,,,3360,,3360,PIECE,,FRESH,,3360,PIECE,,FRESH,,"YES, THE FIGURES MATCHED",,140,PIECE,,FRESH,,50,0,PIECE,,FRESH,,0,16,YES,70,PIECE,,FRESH,,70,PIECE,,FRESH,,1/4,"YES, THE FIGURES MATCHED",
202042700038,ad2716ee75784ef79a82fbeaa12d796c,YES,MLAMBA,,6,2,SMALL BASKET,,FRESH,,NO,,,,,,12,,12,SMALL BASKET,,FRESH,,12,SMALL BASKET,,FRESH,,"YES, THE FIGURES MATCHED",,1,SMALL BASKET,,FRESH,,3000,12,SMALL BASKET,,FRESH,,3000,6,YES,6,SMALL BASKET,,FRESH,,1,SMALL BASKET,,FRESH,,1/2,"YES, THE FIGURES MATCHED",
202042700041,4e0ae39c3acd40b08221882ec4771e8d,YES,CHAMBO,,4,3,SMALL BASKET,,FRESH,,NO,,,,,,12,,12,SMALL BASKET,,FRESH,,12,SMALL BASKET,,FRESH,,"YES, THE FIGURES MATCHED",,2,SMALL BASKET,,FRESH,,4500,12,SMALL BASKET,,FRESH,,4500,4,YES,1,SMALL BASKET,,FRESH,,4,SMALL BASKET,,FRESH,,1/4,"YES, THE FIGURES MATCHED",
202042700041,4e0ae39c3acd40b08221882ec4771e8d,YES,MLAMBA,,8,2,SMALL BASKET,,FRESH,,NO,,,,,,16,,16,SMALL BASKET,,FRESH,,16,SMALL BASKET,,FRESH,,"YES, THE FIGURES MATCHED",,1,SMALL BASKET,,FRESH,,3500,16,SMALL BASKET,,FRESH,,3500,8,YES,8,SMALL BASKET,,FRESH,,1,SMALL BASKET,,FRESH,,1/2,"YES, THE FIGURES MATCHED",
202042700084,dc47a9477ec94d1fa8509d4bf891db6e,YES,OTHER,KHUTUTU,3,2,5 KG BAG,,FRESH,,NO,,,,,,3,,30,5 KG BAG,,FRESH,,0,5 KG BAG,,FRESH,,"YES, THE FIGURES MATCHED",,0,5 KG BAG,,FRESH,,0,0,PIECE,,FRESH,,0,0,NO,1,5 KG BAG,,FRESH,,1,5 KG BAG,,FRESH,,1/2,"YES, THE FIGURES MATCHED",
202042700118,eb7f8207ec0341fba18c0e5adef3c9c8,YES,MLAMBA,,3,20,DOZEN / BUNDLE,,FRESH,,NO,,,,,,3,,8000,DOZEN / BUNDLE,,FRESH,,8000,DOZEN / BUNDLE,,FRESH,,"YES, THE FIGURES MATCHED",,10000,SMALL BASKET,,FRESH,,3,13,DOZEN / BUNDLE,,FRESH,,5000,4,NO,6,DOZEN / BUNDLE,,FRESH,,20,PIECE,,FRESH,,1/2,"YES, THE FIGURES MATCHED",
202042710084,30276d4532fa4421b658a6def0af6804,YES,MATEMBA,,4,1,SMALL BASKET,,FRESH,,NO,,,,,,4,,4,SMALL BASKET,,FRESH,,4,SMALL BASKET,,FRESH,,"YES, THE FIGURES MATCHED",,0,SMALL BASKET,,FRESH,,0,0,SMALL BASKET,,FRESH,,0,0,YES,1,SMALL BASKET,,FRESH,,1,SMALL BASKET,,FRESH,,ALMOST ALL,"YES, THE FIGURES MATCHED",
202052730008,2c5791e971bd45a2ab323acc8524ba15,YES,MATEMBA,,6,0,SMALL BASKET,,FRESH,,NO,,,,,,6,,0,SMALL BASKET,,FRESH,,0,SMALL BASKET,,FRESH,,"YES, THE FIGURES MATCHED",,0,SMALL BASKET,,FRESH,,0,0,SMALL BASKET,,FRESH,,0,0,NO,6,SMALL BASKET,,FRESH,,1,SMALL BASKET,,FRESH,,ALMOST ALL,"YES, THE FIGURES MATCHED",
202062740207,87a36ce46afe4a69b05029997f9863a7,YES,MATEMBA,,4,1,SMALL BASKET,,FRESH,,NO,,,,,,8,,8,SMALL BASKET,,FRESH,,8,SMALL BASKET,,FRESH,,"YES, THE FIGURES MATCHED",,0,SMALL BASKET,,FRESH,,0,8,SMALL BASKET,,FRESH,,0,0,YES,2,SMALL BASKET,,FRESH,,2,SMALL BASKET,,FRESH,,ALMOST ALL,"YES, THE FIGURES MATCHED",
202062740207,87a36ce46afe4a69b05029997f9863a7,YES,CHAMBO,,4,10,PIECE,,FRESH,,NO,,,,,,40,,40,PIECE,,FRESH,,40,PIECE,,FRESH,,"YES, THE FIGURES MATCHED",,0,PIECE,,FRESH,,0,40,PIECE,,FRESH,,0,0,YES,40,PIECE,,FRESH,,10,PIECE,,FRESH,,ALMOST ALL,"YES, THE FIGURES MATCHED",
202062740398,de4c1e4e49794475bb71aa0b5b2ddbbb,YES,MLAMBA,,1,15,PIECE,,FRESH,,NO,,,,,,15,,100,PIECE,,FRESH,,0,PIECE,,FRESH,,"YES, THE FIGURES MATCHED",,0,PIECE,,FRESH,,0,0,PIECE,,FRESH,,0,0,YES,10,PIECE,,FRESH,,10,PIECE,,FRESH,,ALMOST NONE,"YES, THE FIGURES MATCHED",
202062770118,ec1dae3c2e444e05bf87d07242528189,YES,MATEMBA,,7,1,5 KG BAG,,FRESH,,NO,,,,,,5,,1,5 KG BAG,,FRESH,,0,PIECE,,FRESH,,"YES, THE FIGURES MATCHED",,0,PIECE,,FRESH,,0,0,PIECE,,FRESH,,0,0,NO,1,5 KG BAG,,FRESH,,1,5 KG BAG,,FRESH,,ALMOST ALL,"YES, THE FIGURES MATCHED",
202062770237,032f41b50b6b476195a1c9cd53807e82,YES,MLAMBA,,12,10,PIECE,,FRESH,,NO,,,,,,120,,120,PIECE,,FRESH,,120,PIECE,,FRESH,,"YES, THE FIGURES MATCHED",,5,PIECE,,FRESH,,500,0,PIECE,,FRESH,,0,9,YES,5,PIECE,,FRESH,,5,PIECE,,FRESH,,1/2,"YES, THE FIGURES MATCHED",
202062770237,032f41b50b6b476195a1c9cd53807e82,YES,OTHER,KHUTUTU,12,40,PIECE,,FRESH,,NO,,,,,,480,,480,PIECE,,FRESH,,480,PIECE,,FRESH,,"YES, THE FIGURES MATCHED",,20,PIECE,,FRESH,,50,0,PIECE,,FRESH,,50,9,YES,20,PIECE,,FRESH,,20,PIECE,,FRESH,,1/2,"YES, THE FIGURES MATCHED",
202062780108,9791161797654f89b7b03b97db45ec36,YES,MLAMBA,,8,12,PIECE,,FRESH,,NO,,,,,,24,,24,PIECE,,FRESH,,24,PIECE,,FRESH,,"YES, THE FIGURES MATCHED",,0,PIECE,,FRESH,,0,0,PIECE,,FRESH,,0,0,YES,8,PIECE,,FRESH,,8,PIECE,,FRESH,,ALMOST NONE,"YES, THE FIGURES MATCHED",
203073010043,15a741ae6324401288ab1c09f6e94197,YES,MATEMBA,,4,5,5 KG BAG,,FRESH,,NO,,,,,,20,,0,KILOGRAM,,FRESH,,0,KILOGRAM,,FRESH,,"YES, THE FIGURES MATCHED",,3,KILOGRAM,,FRESH,,900,0,KILOGRAM,,FRESH,,300,4,NO,2,KILOGRAM,,FRESH,,2,KILOGRAM,,FRESH,,ALMOST NONE,"YES, THE FIGURES MATCHED",
204023070097,6d73f48e2c8346dc8575d206aa021809,YES,MATEMBA,,1,10,PIECE,,FRESH,,NO,,,,,,10,,10,PIECE,,FRESH,,10,PIECE,,FRESH,,"YES, THE FIGURES MATCHED",,0,PIECE,,FRESH,,0,0,PIECE,,FRESH,,0,0,YES,10,PIECE,,FRESH,,10,PIECE,,FRESH,,ALMOST NONE,"YES, THE FIGURES MATCHED",
204023070153,3ea4ce31d527493ba684dd02cc71cc7c,YES,MLAMBA,,12,40,PIECE,,FRESH,,NO,,,,,,480,,0,PIECE,,FRESH,,0,PIECE,,FRESH,,"YES, THE FIGURES MATCHED",,480,PIECE,,FRESH,,8,0,PIECE,,FRESH,,120000,12,YES,10,PIECE,,FRESH,,2,PIECE,,FRESH,,1/4,"YES, THE FIGURES MATCHED",
205043350070,fd697fb8b25443b59da36ca122d337a9,YES,OTHER,MPASA,4,10,PIECE,,FRESH,,NO,,,,,,40,,40,PIECE,,FRESH,,40,PIECE,,FRESH,,"YES, THE FIGURES MATCHED",,35,PIECE,,FRESH,,1000,20,PIECE,,FRESH,,1500,2,YES,5,PIECE,,FRESH,,5,PIECE,,FRESH,,1/4,"YES, THE FIGURES MATCHED",
205053370039,8b81dd0a679948b880b66a1f598c45a0,YES,NCHENI,,4,2,LARGE BASKET,,FRESH,,NO,,,,,,6,,12,LARGE BASKET,,FRESH,,12,LARGE BASKET,,FRESH,,"YES, THE FIGURES MATCHED",,4,LARGE BASKET,,FRESH,,25000,2,PIECE,,FRESH,,28000,4,NO,1,SMALL BASKET,,FRESH,,1,SMALL BASKET,,FRESH,,1/4,"YES, THE FIGURES MATCHED",
205053370057,5c6184ef621c4f14ba30fa29cd13147a,YES,MLAMBA,,2,6,PIECE,,FRESH,,NO,,,,,,48,,48,PIECE,,FRESH,,48,PIECE,,FRESH,,"YES, THE FIGURES MATCHED",,26000,PIECE,,FRESH,,400,1,PIECE,,FRESH,,400,5,NO,0,PIECE,,FRESH,,0,PIECE,,FRESH,,ALMOST NONE,"YES, THE FIGURES MATCHED",
205053370057,5c6184ef621c4f14ba30fa29cd13147a,YES,CHAMBO,,8,6,DOZEN / BUNDLE,,FRESH,,NO,,,,,,42,,0,PIECE,,FRESH,,0,PIECE,,FRESH,,"YES, THE FIGURES MATCHED",,4,DOZEN / BUNDLE,,FRESH,,2000,24,DOZEN / BUNDLE,,FRESH,,2000,8,YES,0,DOZEN / BUNDLE,,FRESH,,0,PIECE,,FRESH,,ALMOST NONE,"YES, THE FIGURES MATCHED",
205063380157,1f52142bf553415ebfeddd7d91bb2675,YES,OTHER,JAMISONI,6,8,DOZEN / BUNDLE,,FRESH,,NO,,,,,,48,,48,DOZEN / BUNDLE,,FRESH,,48,DOZEN / BUNDLE,,FRESH,,"YES, THE FIGURES MATCHED",,8,DOZEN / BUNDLE,,FRESH,,3000,3,DOZEN / BUNDLE,,FRESH,,3000,4,YES,1,DOZEN / BUNDLE,,FRESH,,1,DOZEN / BUNDLE,,FRESH,,1/4,"YES, THE FIGURES MATCHED",
205093460107,9a17e5a268b54e588170832bd9fc2dec,YES,UTAKA,,4,4,5 KG BAG,,FRESH,,NO,,,,,,16,,10,5 KG BAG,,FRESH,,10,5 KG BAG,,FRESH,,"YES, THE FIGURES MATCHED",,4,5 KG BAG,,FRESH,,3500,2,5 KG BAG,,FRESH,,2500,3,NO,1,DOZEN / BUNDLE,,FRESH,,1,5 KG BAG,,FRESH,,ALMOST NONE,"YES, THE FIGURES MATCHED",
205093460230,ac8cf2f98f404b9ea4440c61531926ce,YES,UTAKA,,5,5,LARGE BASKET,,FRESH,,NO,,,,,,25,,6,LARGE BASKET,,FRESH,,6,LARGE BASKET,,FRESH,,"YES, THE FIGURES MATCHED",,5,LARGE BASKET,,FRESH,,3000,3,LARGE BASKET,,FRESH,,2500,5,NO,1,LARGE BASKET,,SUN-DRIED,,1,SMALL BASKET,,FRESH,,1/4,"YES, THE FIGURES MATCHED",
205093460371,2085ec1a834c474d97cad317a897d3e6,YES,UTAKA,,6,8,SMALL BASKET,,FRESH,,YES,6,SMALL BASKET,,FRESH,,48,0,48,SMALL BASKET,,FRESH,,15,SMALL BASKET,,FRESH,,"NO, THE ENTRIES WERE ADJUSTED",The respondent fails to recall figures well,3,SMALL BASKET,,FRESH,,3,2,SMALL BASKET,,FRESH,,4000,6,YES,2,SMALL BASKET,,SMOKED,,2,SMALL BASKET,,SMOKED,,1/2,"NO, THE ENTRIES WERE ADJUSTED",The respondent forgets some figures
205093460371,2085ec1a834c474d97cad317a897d3e6,YES,MLAMBA,,4,6,SMALL BASKET,,FRESH,,NO,,,,,,24,,10,PIECE,,FRESH,,24,SMALL BASKET,,FRESH,,"YES, THE FIGURES MATCHED",,20,SMALL BASKET,,FRESH,,8000,4,SMALL BASKET,,FRESH,,10000,4,NO,4,SMALL BASKET,,SMOKED,,4,SMALL BASKET,,SMOKED,,1/4,"YES, THE FIGURES MATCHED",
205213480093,83c41f6877454a1cab4bc0bc10e774a2,YES,MLAMBA,,12,8,PIECE,,FRESH,,NO,,,,,,96,,96,PIECE,,FRESH,,96,PIECE,,FRESH,,"YES, THE FIGURES MATCHED",,12,PIECE,,FRESH,,500,0,PIECE,,FRESH,,0,0,NO,0,PIECE,,FRESH,,0,PIECE,,FRESH,,ALMOST NONE,"YES, THE FIGURES MATCHED",
206083670380,391c5b87d7f74b2b8aca27813d684aa1,YES,MATEMBA,,3,3,SMALL BASKET,,FRESH,,NO,,,,,,9,,3,SMALL BASKET,,FRESH,,3,SMALL BASKET,,FRESH,,"YES, THE FIGURES MATCHED",,2,PIECE,,FRESH,,250,3,SMALL BASKET,,FRESH,,250,3,NO,0,OTHER (SPECIFY),NO PACKAGE,OTHER (SPECIFY),NO PROCESSING,1,SMALL BASKET,,FRESH,,ALMOST NONE,"YES, THE FIGURES MATCHED",
206083670380,391c5b87d7f74b2b8aca27813d684aa1,YES,MLAMBA,,6,0,PIECE,,FRESH,,NO,,,,,,12,,90,PIECE,,FRESH,,90,PIECE,,FRESH,,"YES, THE FIGURES MATCHED",,15,PIECE,,FRESH,,200,80,PIECE,,FRESH,,200,6,YES,30,PIECE,,FRESH,,0,OTHER (SPECIFY),,OTHER (SPECIFY),NO PACKAGE,ALMOST NONE,"NO, THE ENTRIES WERE ADJUSTED",The respondent forget some transactions made
207074000179,6477f55c73e44a80a8b6c57d530a8ad9,YES,MLAMBA,,4,10,PIECE,,FRESH,,NO,,,,,,40,,40,PIECE,,FRESH,,40,PIECE,,FRESH,,"YES, THE FIGURES MATCHED",,35,PIECE,,FRESH,,1500,5,PIECE,,FRESH,,1500,4,YES,2,PIECE,,FRESH,,2,PIECE,,FRESH,,1/4,"YES, THE FIGURES MATCHED",
207074000179,6477f55c73e44a80a8b6c57d530a8ad9,YES,MATEMBA,,2,1,SMALL BASKET,,FRESH,,NO,,,,,,2,,2,SMALL BASKET,,FRESH,,2,SMALL BASKET,,FRESH,,"YES, THE FIGURES MATCHED",,1,SMALL BASKET,,FRESH,,2500,1,SMALL BASKET,,FRESH,,2500,1,YES,1,SMALL BASKET,,FRESH,,1,SMALL BASKET,,FRESH,,1/2,"YES, THE FIGURES MATCHED",
207074000179,6477f55c73e44a80a8b6c57d530a8ad9,YES,OTHER,MBABA,3,15,PIECE,,FRESH,,NO,,,,,,45,,45,PIECE,,FRESH,,45,PIECE,,FRESH,,"YES, THE FIGURES MATCHED",,10,PIECE,,FRESH,,1500,5,PIECE,,FRESH,,150,3,YES,35,PIECE,,FRESH,,10,PIECE,,FRESH,,1/2,"YES, THE FIGURES MATCHED",
207084030297,2352d238c92a419f91e6e1bab60bf782,YES,MLAMBA,,4,48,PIECE,,FRESH,,NO,,,,,,192,,192,PIECE,,FRESH,,192,PIECE,,FRESH,,"YES, THE FIGURES MATCHED",,0,DOZEN / BUNDLE,,FRESH,,0,0,PIECE,,FRESH,,0,0,NO,192,PIECE,,FRESH,,48,PIECE,,FRESH,,ALMOST ALL,"YES, THE FIGURES MATCHED",
207084030297,2352d238c92a419f91e6e1bab60bf782,YES,MATEMBA,,4,7,KILOGRAM,,FRESH,,NO,,,,,,28,,28,KILOGRAM,,FRESH,,28,KILOGRAM,,FRESH,,"YES, THE FIGURES MATCHED",,0,PIECE,,FRESH,,0,0,PIECE,,FRESH,,0,0,NO,7,KILOGRAM,,FRESH,,7,KILOGRAM,,FRESH,,ALMOST ALL,"YES, THE FIGURES MATCHED",
207114040015,aba322a789f0438eae96014c4ecc855f,YES,MLAMBA,,4,5,PIECE,,FRESH,,NO,,,,,,0,,20,PIECE,,FRESH,,20,PIECE,,FRESH,,"YES, THE FIGURES MATCHED",,0,PIECE,,FRESH,,0,0,PIECE,,FRESH,,0,0,NO,20,PIECE,,FRESH,,5,PIECE,,FRESH,,ALMOST ALL,"YES, THE FIGURES MATCHED",
209054380122,0153f47bc58a4036acb8cf0f16309dd2,YES,MLAMBA,,8,13,PIECE,,FRESH,,NO,,,,,,104,,104,PIECE,,FRESH,,104,PIECE,,FRESH,,"YES, THE FIGURES MATCHED",,0,PIECE,,FRESH,,0,0,PIECE,,OTHER (SPECIFY),NO CATCHES,0,0,NO,13,PIECE,,SMOKED,,13,PIECE,,SMOKED,,ALMOST ALL,"YES, THE FIGURES MATCHED",
209074400045,813cdddc94cc42c3aca0d1c5d3e10374,YES,USIPA,,0,0,SMALL BASKET,,SUN-DRIED,,NO,,,,,,0,,0,SMALL BASKET,,SUN-DRIED,,0,SMALL BASKET,,SUN-DRIED,,"YES, THE FIGURES MATCHED",,1,OTHER (SPECIFY),SMALL PAIL,SUN-DRIED,,600,0,SMALL BASKET,,SUN-DRIED,,600,4,NO,0,OTHER (SPECIFY),NONE,SUN-DRIED,,0,OTHER (SPECIFY),,OTHER (SPECIFY),NONE,ALMOST NONE,"YES, THE FIGURES MATCHED",
209074400120,324309d1cc404b92995f7c327f824740,YES,OTHER,NONE,0,0,PIECE,,OTHER (SPECIFY),NONE,NO,,,,,,0,,0,OTHER (SPECIFY),NONE,OTHER (SPECIFY),NONE,0,OTHER (SPECIFY),NONE,OTHER (SPECIFY),NONE,"YES, THE FIGURES MATCHED",,0,OTHER (SPECIFY),NONE,OTHER (SPECIFY),NONE,0,0,OTHER (SPECIFY),NONE,OTHER (SPECIFY),NONE,0,0,NO,0,OTHER (SPECIFY),NONE,OTHER (SPECIFY),NONE,0,OTHER (SPECIFY),,OTHER (SPECIFY),NONE,ALMOST NONE,"YES, THE FIGURES MATCHED",
210854780182,16fda3533fea49ca95e32bb02d73263d,YES,MATEMBA,,0,0,OTHER (SPECIFY),HEAP,OTHER (SPECIFY),NO,NO,,,,,,15,,1000,OTHER (SPECIFY),HEAP,OTHER (SPECIFY),HEAP,0,OTHER (SPECIFY),HEAP,OTHER (SPECIFY),HEAP,"YES, THE FIGURES MATCHED",,1000,OTHER (SPECIFY),HEAP,OTHER (SPECIFY),HEAP,1000,0,OTHER (SPECIFY),NO,OTHER (SPECIFY),NO,1000,4,YES,0,OTHER (SPECIFY),NO,OTHER (SPECIFY),NO,0,OTHER (SPECIFY),,OTHER (SPECIFY),NO,ALMOST ALL,"YES, THE FIGURES MATCHED",
301014850221,404755a1aa2d4f9894ebd315a4b73e6e,YES,UTAKA,,4,3,LARGE BASKET,,FRESH,,NO,,,,,,12,,12,LARGE BASKET,,FRESH,,12,LARGE BASKET,,FRESH,,"YES, THE FIGURES MATCHED",,3,LARGE BASKET,,FRESH,,15000,1,LARGE BASKET,,FRESH,,14000,4,YES,2,DOZEN / BUNDLE,,FRESH,,2,DOZEN / BUNDLE,,FRESH,,1/4,"YES, THE FIGURES MATCHED",
301024880157,89346232f7d3434b8116a01d71d1711e,YES,MAKUMBA,,4,5,LARGE BASKET,,SUN-DRIED,,NO,,,,,,20,,5,LARGE BASKET,,SUN-DRIED,,0,LARGE BASKET,,SUN-DRIED,,"YES, THE FIGURES MATCHED",,5,LARGE BASKET,,SUN-DRIED,,12000,2,SMALL BASKET,,SUN-DRIED,,7000,3,YES,1,SMALL BASKET,,FRESH,,1,SMALL BASKET,,FRESH,,1/4,"YES, THE FIGURES MATCHED",
301044910228,c5644b861016426ba906b43b3eb95ec9,YES,USIPA,,2,0,LARGE BASKET,,SUN-DRIED,,NO,,,,,,6,,2,LARGE BASKET,,SUN-DRIED,,2,LARGE BASKET,,SUN-DRIED,,"YES, THE FIGURES MATCHED",,2,LARGE BASKET,,SUN-DRIED,,14000,2,LARGE BASKET,,SUN-DRIED,,14000,3,YES,1,DOZEN / BUNDLE,,FRESH,,1,DOZEN / BUNDLE,,FRESH,,1/4,"YES, THE FIGURES MATCHED",
301074990174,7b2790d523544f5fadc36b0cc30e07b8,YES,MLAMBA,,4,12,PIECE,,FRESH,,NO,,,,,,48,,48,PIECE,,FRESH,,48,PIECE,,FRESH,,"YES, THE FIGURES MATCHED",,0,PIECE,,FRESH,,0,48,PIECE,,FRESH,,0,0,NO,12,PIECE,,FRESH,,12,PIECE,,FRESH,,ALMOST ALL,"YES, THE FIGURES MATCHED",
301074990174,7b2790d523544f5fadc36b0cc30e07b8,YES,OTHER,KAMBUZI,8,9,LARGE BASKET,,FRESH,,NO,,,,,,72,,72,LARGE BASKET,,FRESH,,72,LARGE BASKET,,FRESH,,"YES, THE FIGURES MATCHED",,9,LARGE BASKET,,FRESH,,20000,24,LARGE BASKET,,FRESH,,35000,8,NO,3,DOZEN / BUNDLE,,FRESH,,3,DOZEN / BUNDLE,,FRESH,,ALMOST NONE,"YES, THE FIGURES MATCHED",
302055150051,16e35e4959c84fc8af67fd4ba15caff7,YES,CHAMBO,,4,3,SMALL BASKET,,FRESH,,NO,,,,,,5,,4,SMALL BASKET,,FRESH,,6,SMALL BASKET,,FRESH,,"YES, THE FIGURES MATCHED",,2,SMALL BASKET,,FRESH,,8000,6,SMALL BASKET,,FRESH,,6000,4,YES,12,PIECE,,FRESH,,12,PIECE,,FRESH,,1/4,"YES, THE FIGURES MATCHED",
302055150051,16e35e4959c84fc8af67fd4ba15caff7,YES,MLAMBA,,8,50,DOZEN / BUNDLE,,FRESH,,NO,,,,,,8,,5,SMALL BASKET,,FRESH,,5,SMALL BASKET,,FRESH,,"YES, THE FIGURES MATCHED",,5,SMALL BASKET,,FRESH,,30000,2,SMALL BASKET,,FRESH,,6000,8,YES,1,SMALL BASKET,,FRESH,,1,DOZEN / BUNDLE,,FRESH,,1/4,"YES, THE FIGURES MATCHED",
302055150053,a0d7c31e66624891b0882a43b362bcb3,YES,MATEMBA,,8,20,SMALL BASKET,,FRESH,,NO,,,,,,160,,150,SMALL BASKET,,FRESH,,150,SMALL BASKET,,FRESH,,"YES, THE FIGURES MATCHED",,20,SMALL BASKET,,FRESH,,4000,50,SMALL BASKET,,FRESH,,5000,8,YES,3,SMALL BASKET,,FRESH,,3,SMALL BASKET,,FRESH,,1/2,"YES, THE FIGURES MATCHED",
302055150053,a0d7c31e66624891b0882a43b362bcb3,YES,CHAMBO,,3,40,DOZEN / BUNDLE,,FRESH,,NO,,,,,,120,,300,DOZEN / BUNDLE,,FRESH,,300,DOZEN / BUNDLE,,FRESH,,"YES, THE FIGURES MATCHED",,300,DOZEN / BUNDLE,,FRESH,,800,70,DOZEN / BUNDLE,,FRESH,,1000,3,YES,5,DOZEN / BUNDLE,,FRESH,,5,DOZEN / BUNDLE,,FRESH,,1/4,"YES, THE FIGURES MATCHED",
302055150053,a0d7c31e66624891b0882a43b362bcb3,YES,MLAMBA,,3,300,DOZEN / BUNDLE,,SMOKED,,NO,,,,,,900,,700,DOZEN / BUNDLE,,SMOKED,,700,DOZEN / BUNDLE,,SMOKED,,"YES, THE FIGURES MATCHED",,50,DOZEN / BUNDLE,,FRESH,,1500,50,DOZEN / BUNDLE,,FRESH,,1500,4,NO,10,DOZEN / BUNDLE,,FRESH,,10,DOZEN / BUNDLE,,FRESH,,3/4,"YES, THE FIGURES MATCHED",
302055150125,3fba9c5ad9d647f5a2f28a15225959ec,YES,MATEMBA,,3,1,LARGE BASKET,,FRESH,,NO,,,,,,21,,5,LARGE BASKET,,FRESH,,8,LARGE BASKET,,FRESH,,"YES, THE FIGURES MATCHED",,2,LARGE BASKET,,FRESH,,3000,8,LARGE BASKET,,FRESH,,3000,4,YES,1,SMALL BASKET,,FRESH,,1,SMALL BASKET,,FRESH,,1/4,"YES, THE FIGURES MATCHED",
302055150128,7044c86dce354b30a1bb45b557dc15f4,YES,MLAMBA,,3,4,25 KG BAG,,FRESH,,NO,,,,,,12,,8,10 KG BAG,,FRESH,,8,10 KG BAG,,FRESH,,"YES, THE FIGURES MATCHED",,8,10 KG BAG,,FRESH,,95000,2,10 KG BAG,,FRESH,,30000,3,NO,3,DOZEN / BUNDLE,,SMOKED,,3,DOZEN / BUNDLE,,SMOKED,,1/4,"YES, THE FIGURES MATCHED",
302055150128,7044c86dce354b30a1bb45b557dc15f4,YES,MATEMBA,,3,3,SMALL BASKET,,SUN-DRIED,,NO,,,,,,9,,2,25 KG BAG,,FRESH,,2,25 KG BAG,,FRESH,,"YES, THE FIGURES MATCHED",,3,SMALL BASKET,,FRESH,,4000,2,SMALL BASKET,,FRESH,,4000,3,YES,1,DOZEN / BUNDLE,,FRESH,,1,DOZEN / BUNDLE,,FRESH,,1/4,"YES, THE FIGURES MATCHED",
302125260035,17c2899a18474e2695741dcb6eeb569f,YES,MATEMBA,,2,2,SMALL BASKET,,FRESH,,NO,,,,,,4,,6,SMALL BASKET,,FRESH,,6,SMALL BASKET,,FRESH,,"YES, THE FIGURES MATCHED",,1,SMALL BASKET,,FRESH,,2000,2,SMALL BASKET,,FRESH,,2500,2,YES,1,SMALL BASKET,,FRESH,,1,KILOGRAM,,FRESH,,1/4,"YES, THE FIGURES MATCHED",
302125260035,17c2899a18474e2695741dcb6eeb569f,YES,CHAMBO,,1,8,DOZEN / BUNDLE,,FRESH,,NO,,,,,,8,,8,DOZEN / BUNDLE,,FRESH,,8,DOZEN / BUNDLE,,FRESH,,"YES, THE FIGURES MATCHED",,2,DOZEN / BUNDLE,,FRESH,,400,0,PIECE,,FRESH,,0,0,NO,4,DOZEN / BUNDLE,,FRESH,,4,DOZEN / BUNDLE,,FRESH,,1/4,"YES, THE FIGURES MATCHED",
302125270043,6ebbfc3de5004066b3147d9d2b2fc0f8,YES,CHAMBO,,12,40,DOZEN / BUNDLE,,FRESH,,NO,,,,,,480,,480,DOZEN / BUNDLE,,FRESH,,480,DOZEN / BUNDLE,,FRESH,,"YES, THE FIGURES MATCHED",,39,DOZEN / BUNDLE,,FRESH,,1000,240,DOZEN / BUNDLE,,FRESH,,750,12,NO,2,DOZEN / BUNDLE,,SMOKED,,24,DOZEN / BUNDLE,,SMOKED,,1/4,"YES, THE FIGURES MATCHED",
302125270113,c78681536afc403f911e540ac47eb594,YES,MATEMBA,,3,50,KILOGRAM,,FRESH,,NO,,,,,,45,,45,KILOGRAM,,FRESH,,45,KILOGRAM,,FRESH,,"YES, THE FIGURES MATCHED",,15,KILOGRAM,,FRESH,,7000,5,KILOGRAM,,FRESH,,3000,3,NO,5,KILOGRAM,,FRESH,,5,KILOGRAM,,FRESH,,1/4,"YES, THE FIGURES MATCHED",
302125270114,a988e774dc644359b0bc719bb1621063,YES,CHAMBO,,12,50,DOZEN / BUNDLE,,FRESH,,NO,,,,,,600,,600,DOZEN / BUNDLE,,FRESH,,600,DOZEN / BUNDLE,,FRESH,,"YES, THE FIGURES MATCHED",,50,DOZEN / BUNDLE,,FRESH,,1000,25,DOZEN / BUNDLE,,FRESH,,700,12,YES,7,DOZEN / BUNDLE,,FRESH,,0,DOZEN / BUNDLE,,FRESH,,ALMOST NONE,"YES, THE FIGURES MATCHED",
303025320127,24217ba3f5d44ea684f51094685ce544,YES,AGGREGATED,,16,25,SMALL BASKET,,FRESH,,NO,,,,,,400,,400,SMALL BASKET,,FRESH,,400,SMALL BASKET,,FRESH,,"YES, THE FIGURES MATCHED",,400,SMALL BASKET,,FRESH,,2500,2,SMALL BASKET,,FRESH,,5000,16,NO,1,SMALL BASKET,,FRESH,,1,SMALL BASKET,,FRESH,,ALMOST NONE,"YES, THE FIGURES MATCHED",
303025350064,101f79de544f4e4cb88663fb64e0a353,YES,OTHER,MAKWALE,1,3,KILOGRAM,,FRESH,,NO,,,,,,3,,3,KILOGRAM,,FRESH,,3,KILOGRAM,,FRESH,,"YES, THE FIGURES MATCHED",,0,KILOGRAM,,FRESH,,0,3,KILOGRAM,,FRESH,,0,0,YES,3,KILOGRAM,,FRESH,,3,KILOGRAM,,FRESH,,ALMOST ALL,"YES, THE FIGURES MATCHED",
303025350064,101f79de544f4e4cb88663fb64e0a353,YES,MATEMBA,,1,100,PIECE,,FRESH,,NO,,,,,,100,,100,PIECE,,FRESH,,100,PIECE,,FRESH,,"YES, THE FIGURES MATCHED",,50,PIECE,,FRESH,,1200,100,PIECE,,FRESH,,1200,1,YES,50,PIECE,,FRESH,,50,PIECE,,FRESH,,1/2,"YES, THE FIGURES MATCHED",
303025350064,101f79de544f4e4cb88663fb64e0a353,YES,CHAMBO,,4,5,PIECE,,FRESH,,NO,,,,,,20,,20,PIECE,,FRESH,,20,PIECE,,FRESH,,"YES, THE FIGURES MATCHED",,0,PIECE,,FRESH,,0,20,PIECE,,FRESH,,0,0,YES,20,PIECE,,FRESH,,5,PIECE,,FRESH,,ALMOST ALL,"YES, THE FIGURES MATCHED",
303025350157,717e78db21a549e9a61f78ff20e802ea,YES,MLAMBA,,3,315,PIECE,,FRESH,,NO,,,,,,315,,945,PIECE,,FRESH,,945,PIECE,,FRESH,,"YES, THE FIGURES MATCHED",,280,PIECE,,FRESH,,4000,945,PIECE,,FRESH,,4000,4,YES,35,PIECE,,FRESH,,35,PIECE,,FRESH,,1/4,"YES, THE FIGURES MATCHED",
303025350174,4025541d86034a008c2cacba37617fc9,YES,MLAMBA,,8,1000,PIECE,,FRESH,,NO,,,,,,8000,,8000,PIECE,,FRESH,,0,PIECE,,FRESH,,"YES, THE FIGURES MATCHED",,1000,PIECE,,FRESH,,120,,,,,,,8,YES,35,PIECE,,FRESH,,0,PIECE,,FRESH,,ALMOST NONE,"YES, THE FIGURES MATCHED",
303025350212,5e6d00ae85c544048c4995d03bdb1455,YES,MLAMBA,,8,400,PIECE,,FRESH,,NO,,,,,,9600,,9600,PIECE,,FRESH,,0,PIECE,,FRESH,,"YES, THE FIGURES MATCHED",,900,PIECE,,FRESH,,100,,,,,,,,NO,50,PIECE,,FRESH,,0,PIECE,,FRESH,,ALMOST NONE,"YES, THE FIGURES MATCHED",
303115520016,7255266ca5a74a22ac469e9e68146d4b,YES,OTHER,CHIUNGUNI,1,70,PIECE,,FRESH,,NO,,,,,,70,,0,OTHER (SPECIFY),NA,OTHER (SPECIFY),NA,0,OTHER (SPECIFY),NA,OTHER (SPECIFY),NA,"YES, THE FIGURES MATCHED",,70,PIECE,,FRESH,,100,0,OTHER (SPECIFY),NA,OTHER (SPECIFY),NA,0,0,YES,0,PIECE,,FRESH,,0,PIECE,,FRESH,,ALMOST NONE,"YES, THE FIGURES MATCHED",
308056550005,69ec6603f853447eb4cd67d9db93fa1c,YES,MATEMBA,,4,1,LARGE BASKET,,FRESH,,NO,,,,,,3,,3,LARGE BASKET,,FRESH,,1,OTHER (SPECIFY),PLATE,FRESH,,"YES, THE FIGURES MATCHED",,5,LARGE BASKET,,FRESH,,20000,0,SMALL BASKET,,FRESH,,0,0,NO,1,SMALL BASKET,,FRESH,,1,SMALL BASKET,,FRESH,,1/4,"YES, THE FIGURES MATCHED",
308056550005,69ec6603f853447eb4cd67d9db93fa1c,YES,MLAMBA,,5,5,SMALL BASKET,,SUN-DRIED,,NO,,,,,,0,,0,SMALL BASKET,,SMOKED,,0,PIECE,,SUN-DRIED,,"YES, THE FIGURES MATCHED",,5,SMALL BASKET,,SMOKED,,35000,3,SMALL BASKET,,SUN-DRIED,,50000,4,NO,1,LARGE BASKET,,SUN-DRIED,,1,SMALL BASKET,,SUN-DRIED,,1/4,"YES, THE FIGURES MATCHED",
308056550053,04a8e8f755dd47f0bd7a1b6d589a8212,YES,MLAMBA,,2,1,5 KG BAG,,FRESH,,NO,,,,,,5,,1,5 KG BAG,,FRESH,,1,5 KG BAG,,FRESH,,"YES, THE FIGURES MATCHED",,10,PIECE,,FRESH,,5,5,PIECE,,FRESH,,500,5,YES,1,5 KG BAG,,FRESH,,1,5 KG BAG,,FRESH,,ALMOST NONE,"YES, THE FIGURES MATCHED",
308056560229,45e624b45a7f4b2286c93b8a62628ae4,YES,CHAMBO,,4,60,PIECE,,FRESH,,NO,,,,,,24,,0,PIECE,,FRESH,,45,PIECE,,FRESH,,"YES, THE FIGURES MATCHED",,60,PIECE,,FRESH,,1500,20,PIECE,,FRESH,,1100,1,YES,10,PIECE,,SUN-DRIED,,0,PIECE,,SUN-DRIED,,1/4,"YES, THE FIGURES MATCHED",
308056560229,45e624b45a7f4b2286c93b8a62628ae4,YES,MLAMBA,,4,0,PIECE,,FRESH,,YES,3,PIECE,,FRESH,,24,14,45,PIECE,,FRESH,,15,PIECE,,FRESH,,"YES, THE FIGURES MATCHED",,45,PIECE,,FRESH,,3,15,PIECE,,FRESH,,15000,1,YES,5,PIECE,,FRESH,,2,PIECE,,FRESH,,1/4,"YES, THE FIGURES MATCHED",
308076630116,c710a1912d394efe8e869618d2593691,YES,OTHER,MBUTA,3,1,KILOGRAM,,FRESH,,NO,,,,,,3,,0,OTHER (SPECIFY),NOTHING,OTHER (SPECIFY),NOTHING,3,KILOGRAM,,FRESH,,"YES, THE FIGURES MATCHED",,3,KILOGRAM,,FRESH,,3,1,KILOGRAM,,FRESH,,0,0,NO,3,KILOGRAM,,FRESH,,0,OTHER (SPECIFY),,OTHER (SPECIFY),NOTHING,ALMOST ALL,"YES, THE FIGURES MATCHED",
309036740097,8966c9a882b543989a42aadcbe0c2b58,YES,MLAMBA,,4,50,PIECE,,FRESH,,NO,,,,,,200,,200,PIECE,,FRESH,,200,PIECE,,FRESH,,"YES, THE FIGURES MATCHED",,48,PIECE,,FRESH,,3500,10,PIECE,,FRESH,,2000,4,YES,8,PIECE,,FRESH,,8,PIECE,,FRESH,,1/4,"YES, THE FIGURES MATCHED",
309036740163,51141e135368409ba3fb2e9a5fec3642,YES,MLAMBA,,8,14,PIECE,,FRESH,,NO,,,,,,96,,60,PIECE,,FRESH,,60,PIECE,,FRESH,,"YES, THE FIGURES MATCHED",,14,PIECE,,FRESH,,8000,20,PIECE,,FRESH,,12000,8,NO,6,PIECE,,FRESH,,8,PIECE,,FRESH,,1/4,"YES, THE FIGURES MATCHED",
309036750022,eb4b4a6041d046b7bb2aa797f3cceb78,YES,MLAMBA,,4,1,10 KG BAG,,FRESH,,NO,,,,,,10,,1,10 KG BAG,,FRESH,,1,10 KG BAG,,FRESH,,"YES, THE FIGURES MATCHED",,2,SMALL BASKET,,FRESH,,4000,2,SMALL BASKET,,FRESH,,4000,4,YES,3,PIECE,,FRESH,,3,PIECE,,FRESH,,1/4,"YES, THE FIGURES MATCHED",
309036750080,5207307152e84346a60b80e1ae4e69fd,YES,MLAMBA,,4,14,PIECE,,FRESH,,NO,,,,,,0,,0,DOZEN / BUNDLE,,FRESH,,0,PIECE,,FRESH,,"YES, THE FIGURES MATCHED",,1,DOZEN / BUNDLE,,FRESH,,300,0,PIECE,,FRESH,,300,0,NO,4,PIECE,,FRESH,,4,PIECE,,FRESH,,1/2,"YES, THE FIGURES MATCHED",
309036750136,0a658104094441b28a5527951e890f83,YES,MLAMBA,,4,300,PIECE,,FRESH,,NO,,,,,,1200,,1200,PIECE,,FRESH,,1200,PIECE,,FRESH,,"YES, THE FIGURES MATCHED",,290,PIECE,,FRESH,,193400,880,PIECE,,FRESH,,220000,4,YES,8,PIECE,,FRESH,,5,PIECE,,SUN-DRIED,,1/4,"YES, THE FIGURES MATCHED",
309036750178,21440bc9f66841799a0c65398c78a381,YES,MLAMBA,,4,2,5 KG BAG,,FRESH,,NO,,,,,,0,,0,PIECE,,FRESH,,0,PIECE,,FRESH,,"YES, THE FIGURES MATCHED",,0,PIECE,,FRESH,,0,0,DOZEN / BUNDLE,,FRESH,,0,0,NO,2,5 KG BAG,,FRESH,,2,5 KG BAG,,FRESH,,ALMOST ALL,"YES, THE FIGURES MATCHED",
309036750249,4bc1a2dad5c6488eb81d9e5a381d60e3,YES,MLAMBA,,8,100,KILOGRAM,,FRESH,,NO,,,,,,800,,100,KILOGRAM,,FRESH,,0,KILOGRAM,,FRESH,,"YES, THE FIGURES MATCHED",,100,OTHER (SPECIFY),KILOGRAMS,FRESH,,40000,0,KILOGRAM,,FRESH,,0,8,NO,18,PIECE,,FRESH,,18,PIECE,,FRESH,,1/4,"YES, THE FIGURES MATCHED",
309036750249,4bc1a2dad5c6488eb81d9e5a381d60e3,YES,MATEMBA,,8,25,KILOGRAM,,FRESH,,YES,0,25 KG BAG,,FRESH,,200,1,25,KILOGRAM,,FRESH,,25,KILOGRAM,,FRESH,,"YES, THE FIGURES MATCHED",,25,KILOGRAM,,FRESH,,15000,1,25 KG BAG,,FRESH,,15000,8,YES,1,5 KG BAG,,FRESH,,5,KILOGRAM,,FRESH,,1/4,"YES, THE FIGURES MATCHED",
309056790031,1544f8de831b4651824ae978b29d5348,YES,CHAMBO,,4,1,SMALL BASKET,,FRESH,,NO,,,,,,0,,0,SMALL BASKET,,FRESH,,0,PIECE,,FRESH,,"YES, THE FIGURES MATCHED",,1000,PIECE,,FRESH,,200,1,SMALL BASKET,,FRESH,,2000,4,NO,5,PIECE,,FRESH,,0,SMALL BASKET,,FRESH,,1/4,"YES, THE FIGURES MATCHED",
309056790031,1544f8de831b4651824ae978b29d5348,YES,MLAMBA,,4,0,LARGE BASKET,,FRESH,,NO,,,,,,0,,0,LARGE BASKET,,FRESH,,0,LARGE BASKET,,FRESH,,"YES, THE FIGURES MATCHED",,7000,LARGE BASKET,,FRESH,,800,0,PIECE,,FRESH,,500,4,NO,1,SMALL BASKET,,FRESH,,1,SMALL BASKET,,FRESH,,1/4,"YES, THE FIGURES MATCHED",
309056790055,540e9b5c8d134bfc8fc6773caaf3da33,YES,MLAMBA,,2,50,PIECE,,FRESH,,NO,,,,,,100,,400,PIECE,,FRESH,,400,PIECE,,FRESH,,"YES, THE FIGURES MATCHED",,50,PIECE,,FRESH,,5000,400,PIECE,,FRESH,,40000,2,NO,20,PIECE,,FRESH,,5,PIECE,,FRESH,,1/4,"YES, THE FIGURES MATCHED",
309056790117,c58a3bdfc3694efaa813be30908202fb,YES,MLAMBA,,4,58,DOZEN / BUNDLE,,FRESH,,NO,,,,,,466,,58,DOZEN / BUNDLE,,FRESH,,0,DOZEN / BUNDLE,,FRESH,,"YES, THE FIGURES MATCHED",,1,DOZEN / BUNDLE,,FRESH,,800,0,DOZEN / BUNDLE,,FRESH,,0,0,YES,10,DOZEN / BUNDLE,,FRESH,,0,DOZEN / BUNDLE,,FRESH,,1/2,"YES, THE FIGURES MATCHED",
309056790117,c58a3bdfc3694efaa813be30908202fb,YES,CHAMBO,,4,58,DOZEN / BUNDLE,,FRESH,,NO,,,,,,0,,0,DOZEN / BUNDLE,,FRESH,,0,DOZEN / BUNDLE,,FRESH,,"YES, THE FIGURES MATCHED",,5000,DOZEN / BUNDLE,,FRESH,,800,58,DOZEN / BUNDLE,,FRESH,,0,0,YES,10,PIECE,,FRESH,,0,PIECE,,FRESH,,1/2,"YES, THE FIGURES MATCHED",
309056790203,5dd8c5564a4b4a86b5877e48ba496e02,YES,CHAMBO,,16,28,SMALL BASKET,,FRESH,,NO,,,,,,448,,448,SMALL BASKET,,FRESH,,448,SMALL BASKET,,FRESH,,"YES, THE FIGURES MATCHED",,27,SMALL BASKET,,FRESH,,3500,196,SMALL BASKET,,FRESH,,5500,16,YES,13,PIECE,,FRESH,,13,PIECE,,FRESH,,1/2,"YES, THE FIGURES MATCHED",
310036980328,2353f7d6f19147e1bf283e8fbf1d0789,YES,MAKAKANI,,4,70,KILOGRAM,,SUN-DRIED,,NO,,,,,,280,,140,KILOGRAM,,SUN-DRIED,,140,KILOGRAM,,SUN-DRIED,,"YES, THE FIGURES MATCHED",,5,SMALL BASKET,,SUN-DRIED,,3000,2,25 KG BAG,,SUN-DRIED,,5000,3,NO,1,SMALL BASKET,,SUN-DRIED,,1,SMALL BASKET,,SUN-DRIED,,1/4,"YES, THE FIGURES MATCHED",
310077050169,a1e559ff59974ad4866091d21aeff132,YES,MAKAKANI,,12,7,10 KG BAG,,FRESH,,YES,7,10 KG BAG,,SMOKED,,70,70,1400,10 KG BAG,,FRESH,,1400,5 KG BAG,,SMOKED,,"YES, THE FIGURES MATCHED",,120000,10 KG BAG,,SMOKED,,0,0,5 KG BAG,,FRESH,,0,0,YES,1,10 KG BAG,,FRESH,,1,DOZEN / BUNDLE,,SMOKED,,1/4,"YES, THE FIGURES MATCHED",
311027110154,f8cb9614a35e48e48a887462089fa9ca,YES,MAKAKANI,,12,2,LARGE BASKET,,FRESH,,NO,,,,,,24,,24,LARGE BASKET,,FRESH,,24,LARGE BASKET,,FRESH,,"YES, THE FIGURES MATCHED",,2,LARGE BASKET,,FRESH,,4500,1,SMALL BASKET,,FRESH,,3000,12,YES,20,PIECE,,FRESH,,20,PIECE,,FRESH,,1/4,"YES, THE FIGURES MATCHED",
311047150323,5da42da85b9e4b49a7c7140c31753e47,YES,MLAMBA,,12,60,PIECE,,FRESH,,NO,,,,,,720,,72,PIECE,,FRESH,,720,PIECE,,FRESH,,"YES, THE FIGURES MATCHED",,0,PIECE,,FRESH,,0,0,PIECE,,FRESH,,0,0,NO,720,PIECE,,FRESH,,720,PIECE,,FRESH,,ALMOST ALL,"YES, THE FIGURES MATCHED",
311057190104,05155a5f72944b468dd8dd4eaf6921ea,YES,MLAMBA,,10,1,5 KG BAG,,FRESH,,NO,,,,,,10,,10,5 KG BAG,,FRESH,,10,5 KG BAG,,FRESH,,"YES, THE FIGURES MATCHED",,1,5 KG BAG,,FRESH,,3000,0,PIECE,,FRESH,,0,0,YES,0,PIECE,,FRESH,,0,PIECE,,FRESH,,ALMOST NONE,"YES, THE FIGURES MATCHED",
311057190104,05155a5f72944b468dd8dd4eaf6921ea,YES,MAKAKANI,,10,2,5 KG BAG,,FRESH,,NO,,,,,,20,,20,5 KG BAG,,FRESH,,20,5 KG BAG,,FRESH,,"YES, THE FIGURES MATCHED",,2,5 KG BAG,,FRESH,,7000,1,5 KG BAG,,FRESH,,4000,10,YES,10,PIECE,,FRESH,,10,PIECE,,FRESH,,1/4,"YES, THE FIGURES MATCHED",
311057190104,05155a5f72944b468dd8dd4eaf6921ea,YES,CHAMBO,,6,1,5 KG BAG,,FRESH,,NO,,,,,,6,,6,5 KG BAG,,FRESH,,6,5 KG BAG,,FRESH,,"YES, THE FIGURES MATCHED",,1,5 KG BAG,,FRESH,,5000,6,5 KG BAG,,FRESH,,5000,6,NO,4,PIECE,,FRESH,,4,PIECE,,FRESH,,1/4,"YES, THE FIGURES MATCHED",
311077220134,b53dcae63bc1481fbc9c129112df9ba7,YES,MLAMBA,,6,10,DOZEN / BUNDLE,,FRESH,,NO,,,,,,60,,60,DOZEN / BUNDLE,,FRESH,,60,DOZEN / BUNDLE,,FRESH,,"YES, THE FIGURES MATCHED",,50,DOZEN / BUNDLE,,FRESH,,2000,0,DOZEN / BUNDLE,,FRESH,,0,0,NO,10,DOZEN / BUNDLE,,FRESH,,0,DOZEN / BUNDLE,,FRESH,,1/4,"YES, THE FIGURES MATCHED",
312047430178,d8cb6bc3636c4bd297c7cbd3b3d3b9d5,YES,USIPA,,4,10,KILOGRAM,,SUN-DRIED,,NO,,,,,,10,,10,KILOGRAM,,SUN-DRIED,,10,KILOGRAM,,SUN-DRIED,,"YES, THE FIGURES MATCHED",,10,KILOGRAM,,SUN-DRIED,,4000,10,KILOGRAM,,SUN-DRIED,,4500,4,YES,2,KILOGRAM,,SUN-DRIED,,5,KILOGRAM,,SUN-DRIED,,1/4,"YES, THE FIGURES MATCHED",
312057460122,b8f583657bb84a42a55ace18e585c959,YES,MLAMBA,,8,4,PIECE,,FRESH,,NO,,,,,,32,,32,PIECE,,FRESH,,0,PIECE,,FRESH,,"YES, THE FIGURES MATCHED",,0,DOZEN / BUNDLE,,FRESH,,0,0,DOZEN / BUNDLE,,FRESH,,0,0,NO,4,PIECE,,FRESH,,4,PIECE,,FRESH,,ALMOST ALL,"YES, THE FIGURES MATCHED",
313037660125,8a72c2e0a9dd4936ad5d5456c1a5304c,YES,OTHER,"PHUTA, NTCHIRA, NKHOTI, NSAMBANINJI",12,24,PIECE,,FRESH,,NO,,,,,,288,,288,PIECE,,FRESH,,288,PIECE,,FRESH,,"YES, THE FIGURES MATCHED",,0,PIECE,,FRESH,,0,120,PIECE,,FRESH,,700,0,NO,288,PIECE,,FRESH,,288,PIECE,,FRESH,,ALMOST ALL,"YES, THE FIGURES MATCHED",
313037700223,0fc6b2fc2ba44076b441e9f81fe7459c,YES,CHAMBO,,6,2,SMALL BASKET,,SUN-DRIED,,NO,,,,,,12,,12,SMALL BASKET,,SUN-DRIED,,12,SMALL BASKET,,SUN-DRIED,,"YES, THE FIGURES MATCHED",,0,SMALL BASKET,,SUN-DRIED,,0,0,SMALL BASKET,,SUN-DRIED,,0,0,YES,2,SMALL BASKET,,SUN-DRIED,,2,SMALL BASKET,,SUN-DRIED,,ALMOST ALL,"YES, THE FIGURES MATCHED",
