case_id,HHID,fs_b01a,fs_b01b,fs_b01c,fs_b01d,fs_b01e,fs_b01f,fs_b01g,fs_b01h,fs_b01i,fs_b01j,fs_b01k,fs_b01l,fs_b02
101201230097,2270b653f44c4f5dbe4a62d0f32f5813,H,N,N,L,L,L,L,H,H,H,H,H,YES
102011240015,57e2c166f1fe4b028513be992b377f45,L,N,N,H,H,H,N,H,H,H,L,L,YES
102011240055,73dde2e9798343728bb0a59b77323d16,H,N,N,L,L,L,L,H,H,H,H,H,YES
102011240076,1449dd2a736f4260b3a5c00c48c01665,N,N,N,N,L,L,L,H,H,H,H,N,YES
102011240095,53b2e4bb42c541f6964ab14b6c917d95,L,L,L,H,L,L,N,H,H,H,H,L,NO
102011240127,4ed4eac64a2144b4b1eac7e946cebd36,L,L,L,L,L,L,N,H,H,H,N,N,YES
102011240157,d31225b52319469d945b0fb99de742d0,L,L,L,L,N,N,N,H,H,H,H,L,YES
102011240191,ff1c536c23f74272b538ba40cb8a017c,N,N,N,N,H,L,L,H,H,H,H,N,YES
102011240230,39389dfff68249caab22583818a8e325,N,N,N,N,N,L,N,H,H,H,H,L,YES
102011240234,9d0ee37f03cd4e94a15a4f7d2b2bc218,L,L,N,N,H,H,L,H,H,H,N,N,YES
102011250035,e28eae3004dc4ac3b73b01a90e63460a,L,L,L,N,N,N,H,H,H,H,H,H,YES
102011270158,56504e358a454e228f77dab5602f635e,L,N,N,N,N,N,N,N,N,H,H,L,YES
102011280005,77304548243442a1a80d6f0aca549184,L,L,L,L,L,N,N,H,H,H,H,N,YES
102011280030,6680c605758841ddbe900ef0d8f78cbe,H,H,L,L,L,N,N,H,H,H,H,N,YES
102011280108,ffd5c8f049f14814af1112b4cba8a886,L,L,L,L,L,N,N,H,H,H,H,N,YES
102031310144,bd08c9d072c74aa483eebcbf185de1cc,N,N,H,H,N,N,N,L,L,L,N,N,YES
102031310209,26598eb9e853402b86c1264b470a8af5,N,N,L,L,L,L,L,N,N,H,H,H,YES
102031340149,fd3fde4884b849f88371920162c589a6,H,H,H,H,N,N,N,L,L,L,L,N,YES
102031340186,b16818be1135482e9e3da5ee403698f0,L,L,L,L,L,H,H,N,N,N,N,H,YES
102031350113,aa64297c5a144e4cb978a10ba2317e93,L,L,L,N,N,N,L,L,L,H,H,H,YES
102041360005,548671a98bbc444ebd442b6ca03df8a8,H,H,H,L,L,L,N,L,L,H,H,H,YES
102041360030,92c84f1ce8c54a3783edccfb56b0a081,L,L,L,L,N,H,N,N,H,H,H,H,YES
102041360136,eae3f62eed2940a0a5bbe2a495410803,L,L,H,H,H,N,N,N,N,L,L,L,YES
102041360162,7c2fe5a29b1b4351a4c347dde9f16f5c,H,H,H,N,N,N,N,N,L,L,H,H,YES
102041360172,e6ac4fab7d95444ea0f6da2a4942b2bf,H,L,L,L,L,L,N,H,H,H,H,H,YES
102041360174,e4f7cfdc75d844a3b86abf1a518e0104,H,H,H,H,N,L,N,L,L,L,H,H,NO
102041360188,6568506810014f82bebe97eb14691591,H,N,L,L,L,L,N,H,H,H,H,H,YES
102041360190,918832af615e47c88b9ddc52dbde8314,H,H,H,H,H,L,N,N,N,L,L,H,YES
102041360193,213f1a85e1b84ac4903f704a13b195b6,L,N,L,L,N,N,N,H,H,H,H,H,YES
102041360205,9497ad3d50874b6e80a1ef28b6148e15,H,H,H,L,L,L,N,L,H,H,H,H,NO
102041370048,5ce81c46158047c9ab84d9bb4d4afc7b,N,H,H,H,H,L,L,L,N,N,N,N,YES
102041380207,0742aa43ddcb4f36a7289331d93a24ad,H,H,H,H,H,N,N,N,L,L,L,H,YES
102041390006,899b06a1598e42308e88166a1b3b66d8,H,H,L,L,L,L,N,L,H,H,H,H,YES
102041400254,fb6b0358fdfa462cbe7059842f18055c,H,H,N,L,L,L,N,H,H,H,H,H,YES
102051410106,17bceed3525a4ea59d90db5a75a7fa9d,H,H,H,N,L,N,N,N,L,L,L,L,YES
102051410136,f1ce8161e4004670a8edf9f48ae59ed1,N,N,L,H,H,L,H,H,L,L,N,N,YES
102051410186,13bfa8ac242f4ce3b8f823be3e7daf9d,N,H,H,H,N,L,L,L,L,N,N,N,YES
102051410196,f5759c2a258644598a43fd1c6a26b424,H,H,H,N,L,L,L,L,L,L,H,H,NO
102051420214,6b6344882dac43dea8388f8d1d962368,H,H,H,L,L,L,N,L,H,H,H,H,NO
102201430307,e9e09d1f25f045a2977e121c85cd8299,H,H,H,H,H,N,L,L,L,L,L,L,NO
102201460042,165210a5cec9462990d6f144094ceb9d,H,H,H,H,L,L,N,L,L,H,H,H,NO
102201460103,c9d941818fb345438335e3c8a73347f0,H,H,H,N,L,L,L,L,N,N,H,H,YES
102201460206,4e417471acac4e86953bec6695c5aa55,N,N,N,N,L,L,L,H,H,H,H,H,YES
102201460261,70010aa27e9b49e8b844f52a8fc6ee7d,N,N,H,N,N,L,L,H,H,H,H,H,YES
102201460330,14651bc65d6f4bdf86aaea33c334ab1e,L,L,N,N,L,N,H,H,H,H,H,H,YES
102201470009,7beb3da18c044ad39125c5cb2b5af5f7,H,H,H,N,N,N,L,L,N,N,N,H,NO
103021520043,4a615fd4975e43baad72dbf120a5a3b4,L,L,L,H,H,H,H,H,L,L,N,N,YES
103021520121,ca477b192b344b6da709672368794576,L,N,N,L,N,N,N,H,H,H,N,L,YES
103031530002,59b73b407a99406483debac0d7bb5a17,N,N,N,L,L,L,L,H,H,H,H,N,YES
103041540194,789e0c9e34634b5e994240f549bf2e57,N,N,N,N,N,H,N,N,N,H,N,L,YES
103041550180,63d5301b943a433da5d50baa505766aa,N,N,N,N,N,H,H,H,H,L,L,N,YES
103041550229,2bbd8db25e7240a2bbd5997d053dab37,L,N,N,N,N,N,N,H,H,H,H,L,YES
103051560008,826f18cfb28f46b38a961caee38658c8,L,L,L,H,H,H,H,L,L,L,N,N,YES
103051560014,c65b0436b3c74579a404d06664b6a048,L,L,L,L,L,L,H,H,H,H,N,N,YES
103051560023,485dde2f65804638887630db88e8d60d,L,N,N,H,H,N,N,N,H,N,L,L,YES
103051560029,9e2b74583ee74f159721f71160ae0cf3,H,L,L,L,N,N,N,N,N,N,H,H,YES
103051560034,9f6ed8b2a26547da9e9864b87f12c00f,L,L,L,H,H,H,N,N,N,N,N,N,YES
103051560036,d61354615e084362a9297bebbe6266a5,L,L,N,N,N,N,N,N,H,H,H,L,YES
103051560121,dade4852b38646408924eabdff8e9155,H,H,H,H,H,H,N,N,L,L,L,N,YES
103051560124,ab73a5cba3ea4c39b51a134a3995c356,H,H,H,H,H,N,N,L,L,L,L,H,YES
103051560127,f986187c2e5e460fb5e1a6e0637c8ea5,L,L,L,L,N,N,N,N,H,H,H,L,YES
103061570005,c683ba6225d24cbebdb0b6dc1e8881e4,L,N,L,N,N,H,H,H,H,H,L,L,YES
103061570012,13908448d36c494db21d0ddfa12cac1e,L,N,L,N,N,N,H,H,H,H,H,H,YES
103061570040,6e7ecbbd6d7443399057e2e66f7889b3,N,N,L,L,L,L,H,H,H,N,N,N,YES
103061570199,95621fcb6a2e4500a79a407436ef8146,N,N,N,N,N,L,L,L,H,H,H,N,YES
103061570203,3a350102d7ec42edadeec08e1f8555e9,L,L,N,N,N,H,H,H,N,N,N,L,YES
103071590131,311fdbae1e814acaa952ab564c9f8460,N,N,N,N,N,N,H,H,L,L,N,N,YES
103071590137,2ce10fc6386840e6855ee3010a428ec2,N,L,N,N,N,N,H,H,L,N,N,H,YES
103071590145,ba5dcfc6f42e46f987ec987db024fd16,N,N,N,N,N,H,N,N,L,L,N,H,YES
103071590169,56f929979a924f0dbf18f8b87bdf1cbd,L,L,N,N,N,L,L,H,H,L,L,L,YES
103071590172,dc6bcfce915647c9bed0e4ccd5e21a23,L,L,H,H,H,L,L,H,H,H,N,N,YES
103071590219,6c6c3cc87562426aa6b2f0de01dc4b85,N,N,N,H,H,N,N,L,L,N,N,N,YES
103081600079,b374bcac7d0d43b8a2ea386d84f7cc1c,L,L,L,L,L,N,N,H,H,H,H,H,YES
103091620003,966a8f7369614dae9c2747caa722153a,N,N,N,L,L,L,L,H,H,H,H,N,YES
103091620007,896fbdd3a1314a62ba6abe213695d5c4,L,L,N,N,N,N,N,H,H,H,H,H,YES
103091620009,8b22280141cf4613b3d2e9ef9da33d90,N,N,N,L,L,L,L,H,H,H,N,N,YES
103091620011,a715151846fc48d2867c9079374ce2c8,N,N,N,L,L,L,L,H,H,H,H,N,YES
103091620012,44b58a80f2394709b5d320523950e675,L,L,N,N,N,H,N,N,N,N,H,H,YES
103091620014,e5ef30cd32f842f99e81b66256283285,N,N,L,L,L,N,N,N,N,H,H,N,YES
103091620017,7bdeb0713a3a4be3adbd57b9d856c8ae,N,N,N,N,N,H,H,N,L,L,N,N,YES
103091620022,441a7583bdfa46bab21f95056eb32d95,N,N,H,H,H,L,L,L,N,N,N,N,YES
103091620025,ddd3d5fe5f564353a0e26cd8d6382e64,L,L,L,N,N,N,N,H,H,H,H,H,YES
103091620072,09b3c4f6c90d4a11bae782b23e1e09df,L,N,N,N,H,H,H,N,N,N,N,N,YES
103091620078,82a903b5201b4ad59bf79a87749d1e14,L,L,L,N,N,N,N,H,H,H,H,H,YES
103091620098,17f873e1c4a44d02a3ac76944fb536f6,L,L,L,N,N,N,N,H,H,H,N,N,YES
103121640003,891f1b2de1ff4503bac4f3c38e2b6a67,N,N,N,L,L,L,L,H,H,H,H,N,YES
103121640016,e4547af32128495991bf03d03a57f8db,N,N,N,L,L,L,L,H,H,H,H,N,YES
103121640021,022aae14b41d46488caa895611177b7b,L,L,L,L,N,N,N,N,H,H,H,H,YES
103121640028,9cb397625ab94955bdc911e682c5f4b0,N,L,L,N,N,H,H,H,N,H,N,N,YES
103121640031,cdbb743f058e44b7b07d5ca1fd259661,N,N,N,N,N,N,H,H,H,H,L,L,YES
103121640035,25202b0dc90640c78a0fe39a634041bf,N,N,N,N,N,L,L,H,H,N,N,N,YES
103121640052,55ef8142719f4a908c8fcaec40cbc879,L,L,L,N,N,N,N,H,H,H,H,H,YES
103121640053,e541cfb3d3904973b73d26dfa086688b,N,H,H,H,L,N,L,H,H,H,H,H,YES
103121640062,4e809b335b844db28d06a96d374f87f2,L,L,L,L,L,N,N,H,H,H,H,L,YES
103121640067,baae54b6d8fc453c856acbdc577bd9a2,L,L,L,L,N,N,N,H,H,H,N,L,YES
103121640081,9569dcb935024d28b6d4d042bf28b865,L,L,L,L,N,N,N,H,H,H,N,N,YES
103121640082,8af31ea03b1f4d19823e846ee669cbf6,L,L,N,N,N,N,N,H,H,H,N,L,YES
103121650179,cba0fa54bfa74ada8d6382d8aab3fae7,N,N,N,N,N,L,N,N,H,N,N,N,YES
103121650471,d8d67896703b4e9482c723dc3e2cc370,N,N,N,N,L,L,L,H,H,H,N,N,YES
103121660089,ce97d4fe0ebb4eee8c921539ed3c178d,N,N,N,N,L,N,N,N,N,H,H,H,YES
103121670169,d95ff00ef1a34fea8aa68ca52050424d,N,N,N,N,N,L,L,N,H,H,H,N,YES
103201680072,987b4bd27aa442968db466205a1e3536,L,L,L,L,L,L,N,H,H,H,H,H,YES
103201680086,4ff89dca92af45b684af7220cedd61ba,L,L,L,H,H,H,N,H,H,H,H,H,YES
103201680136,1e7ca8bed2e7408ca2ecbbd9888a357a,L,L,L,N,N,N,N,H,H,H,H,L,YES
104011730202,74ee239e031a4bf3932eba77bbe05473,H,L,N,N,H,N,N,N,N,N,N,H,YES
104041780004,c9ab0b29b74e40bc93bbe4d1f541192a,L,L,L,L,N,N,N,H,H,H,H,H,YES
104041780120,7b56ead5540c4dbfb7f69fc91cd251cc,H,H,H,L,L,L,N,L,H,H,H,H,YES
104041780137,c99c252d0f00467aa85701cf5642b95a,N,N,H,H,H,H,H,H,L,L,L,N,NO
104071820287,691e7b5b0d364ba88eb7fd5cc92dd08c,H,H,H,L,L,N,N,N,N,N,L,H,YES
104201890128,4c55c9d701b247ceb85adc68fb6f7955,H,H,H,L,L,N,L,L,L,L,H,H,YES
105041980029,2e0b88f7cb60435a8d92895d33ac50c4,N,N,N,N,N,N,N,L,N,H,H,H,YES
105041980196,7e3a3fc584904162890889c67a24baf8,N,N,N,N,N,N,H,N,N,N,N,L,YES
105082070130,48a751d5b7814dc7963fe031235b7e1f,N,N,N,N,N,L,L,L,N,H,H,H,YES
106012110001,197c13ae874b4907980b611acb5cdf03,N,N,L,H,H,H,H,N,N,N,N,N,YES
106012110004,d44fc041d3cf42928b460ca5e04ead07,L,L,L,N,N,N,N,H,N,N,N,N,YES
106012110035,555df629fecb46188e9ac0d9c6604c15,N,L,L,N,H,H,N,N,N,N,N,N,YES
106012110048,342472e366f946749694e1d4073060b9,L,L,N,H,H,H,H,H,H,H,L,L,YES
106012110053,543cc1d9ba2441ada5fcb314ba212923,L,L,L,L,L,H,H,H,H,H,H,H,YES
106012110070,db8d62f269ce4087b6888253bfe2c32b,L,L,L,L,L,L,H,H,H,H,H,H,YES
106012110077,c8a435b803704218b05c556b00cfddb4,L,L,L,L,L,H,H,H,N,H,L,L,YES
106012110078,f7c465a554084ab4a81239bb6dbb1e4d,L,L,L,H,H,H,L,H,H,H,L,L,YES
106012110094,71d995caf65841f08abada272723506d,N,N,L,L,L,N,N,H,H,H,N,N,YES
106012110109,d4f329c6aab0471a8b64d42108bbf047,N,N,N,L,L,L,N,H,H,H,N,H,NO
106012110360,8b8846595c544806a0848e62b383f1a3,L,L,L,N,N,N,N,H,H,H,N,N,YES
106012110398,0eb1bca745c64cf0b7c6a3f44598e6de,N,N,N,L,L,L,N,H,H,H,N,N,YES
106012110432,bd8f8975d684493d8129ce8b7c1f8d5d,N,N,N,L,L,L,N,H,H,H,N,N,YES
106012120009,504b66d8aad24789be957a3d3ff3bd0c,H,H,H,N,N,N,N,N,L,L,L,N,YES
106012120030,05bf82dd81ff46bd8b6939b1198d3cc9,N,H,H,H,H,H,H,L,L,L,L,L,YES
106012120040,c6618cc94bad4c4f94f1bdea292492ad,H,H,N,N,N,L,L,N,N,N,N,N,YES
106012120044,0be0747c8c6b45ab805f47e59f7e7dcf,H,N,N,N,N,L,L,N,N,N,N,H,YES
106012120081,0bf40235b9c144faaab974ee944a4bd0,H,H,H,L,L,L,L,N,N,N,H,H,YES
106012120084,be469e9fde1c474c9b49625ab62f3ccc,H,H,H,L,L,L,L,N,N,N,H,H,YES
106012120104,6be3950e67f949b3ba53e41510beb3f8,H,H,N,N,N,L,L,N,N,N,N,H,YES
106012120109,2917e87929b94298b46d4b00ff3d8368,L,L,L,N,N,N,N,H,H,H,L,L,YES
106012120152,aa136f9bff0e4b0f97b0689ac633ee3c,H,H,L,L,L,N,L,L,L,H,H,H,YES
106012120165,a330bee74902463c83da3a42a11eeb61,H,L,L,L,L,L,N,H,H,H,H,H,YES
106012120237,24f8736697264da0987209d6be9228f2,L,L,L,N,N,N,N,H,H,H,H,N,YES
106012120242,9c7dca1046d247c6a16cc488615aa027,H,H,H,H,H,L,L,H,H,L,L,H,NO
107392250104,9aae346102d540c28a8ba2beca80553b,N,L,L,L,L,H,H,H,H,H,H,H,NO
107402300081,fc9c183b2b754a91b1984e5de92dbc44,N,L,H,N,N,N,N,N,N,N,N,N,YES
201012370054,3498e3e819d442fb918936d1ceeedbf1,N,N,N,N,N,N,N,H,L,N,N,N,NO
201012370067,f55ac8afe5ca4cc48b52bb7a62e639a3,N,N,N,N,L,L,L,L,H,H,H,H,NO
201042400156,46a5daaf62c248da97fcc10129e832b6,N,N,N,H,H,H,H,H,L,L,L,L,NO
201042400340,2939e73be2d142bc9c40bb14c40ec65f,N,N,N,H,H,H,H,H,L,L,L,L,NO
201062420249,c129d18d85e045fca1289a32706eba8e,N,H,N,N,N,N,N,N,N,L,N,N,YES
201062420307,905312d7c13647c1be0f0f6e151bb0f7,N,H,N,N,N,N,N,N,N,L,N,N,YES
201132480069,9537c2af38204504b3ab3ba33d3a1873,N,L,N,N,N,H,N,N,N,N,N,N,YES
201202510452,33562022c89342cdb15d85e78156605f,H,H,H,H,N,L,L,L,N,N,N,N,YES
201232570069,caa7c5e39df04ccea53bcfdc1c46e556,H,H,N,N,L,L,N,N,N,N,N,N,YES
202012610034,1a66dc2cc2f443e9bf44d36163d02efe,L,L,L,L,L,N,N,H,H,H,H,L,YES
202012610047,829cfd6017e042bfbd03078497083042,N,N,N,N,L,L,L,H,H,H,N,N,YES
202012610085,af553d7e86654519b98e08efbe6c72ed,L,L,L,N,N,N,H,H,H,H,L,L,YES
202012610111,a82df73a7ae247ab951a3bcb06d153db,L,L,L,N,N,N,N,H,H,H,L,L,YES
202012610288,26adc41013a94298b69eb3598e8dad22,L,L,N,N,N,N,N,N,H,H,H,H,YES
202012610405,9d70f67249c746d7b8ea515f7c63645b,L,L,L,L,L,H,H,H,H,N,N,H,YES
202012620127,2681a23aa5b94cdba2a4c85af24ea49d,N,N,N,N,N,L,L,H,H,N,N,H,YES
202012630048,cfaf93d4cc23462bbbaeafca87f9d7b9,L,L,L,L,N,N,N,H,H,H,N,N,YES
202012630183,dd9fd89a14db4172b564ba88586476e0,N,L,N,N,N,N,N,N,N,N,N,H,NO
202012640015,eabe542e016e4f9092ac9982b486ce99,H,N,L,N,H,L,L,H,H,N,N,H,YES
202012640112,93da393f2e0349aabebd3923f9bb6cee,H,L,H,H,N,L,L,H,L,N,N,H,YES
202012640113,0ff40b7a5a2e4ed988266cf0f5ded053,N,N,N,H,H,H,H,L,L,L,N,N,YES
202012640155,bd7f18d847f8471c91dbe306fce4555e,N,N,N,N,N,N,H,H,L,N,N,N,YES
202012640209,338025b7ebba4cde9ee471f5a3750a6f,L,L,L,L,L,L,L,N,H,H,H,H,YES
202012640217,3f0493aac12b4454b26ae066bba904b8,N,L,L,L,N,N,H,H,H,N,N,N,YES
202012640248,2e467500122f43dbb03b768163ece17b,N,N,N,N,H,H,H,H,L,L,L,L,YES
202012640252,1961dbf9c3a947129d725cac98bf73b1,L,L,N,N,N,H,H,H,H,H,L,L,YES
202012640296,6449d264804649feb5879bc9104b10c3,N,N,N,H,H,H,H,H,L,L,L,L,YES
202012650095,2e692dc43c35455bab5717f379e70413,H,H,H,H,L,L,L,L,N,N,N,N,YES
202012650096,c674acba1a3146e5931d27264639035c,N,H,H,H,N,L,L,N,N,N,N,N,YES
202012650174,f220d6e4a1004dc6b8edadafd7c6c6e8,H,H,H,L,L,L,L,N,N,N,N,H,YES
202022680278,11288a6789824f339732eb04da0eb8e7,H,H,L,L,N,N,N,H,H,H,H,H,YES
202032690164,0cefcd136f374aaf9ae3823df18e3f25,N,N,N,N,N,N,N,N,N,N,N,N,NO
202032690233,aea3dd3b707145e2aab3a7588bd1fdd6,L,N,N,N,H,H,H,N,N,N,L,L,NO
202032690313,2f56bc91ee38466598a2327d0e8f3008,H,H,H,H,N,N,N,N,L,L,L,L,YES
202032690331,a00372954140485a946b116b74ab74a7,L,L,L,L,H,H,H,H,N,N,N,N,YES
202032690349,7d782d8a2d9840f5aa81f257e9b66344,N,L,L,L,L,H,H,H,H,N,N,N,YES
202042700038,ad2716ee75784ef79a82fbeaa12d796c,H,H,L,L,L,L,L,N,N,N,N,H,YES
202042700041,4e0ae39c3acd40b08221882ec4771e8d,H,H,H,L,L,L,N,N,N,N,N,H,YES
202042700084,dc47a9477ec94d1fa8509d4bf891db6e,N,N,H,N,N,L,N,N,N,N,N,N,YES
202042700118,eb7f8207ec0341fba18c0e5adef3c9c8,N,N,N,N,N,L,L,N,H,H,N,N,YES
202042710084,30276d4532fa4421b658a6def0af6804,H,H,L,L,N,N,N,N,N,N,N,H,YES
202042710177,c6735b6c1436494b9a2502bcf7ac4fd5,H,N,L,N,N,N,N,N,N,N,N,N,YES
202052730008,2c5791e971bd45a2ab323acc8524ba15,H,H,L,L,L,N,N,N,N,N,N,H,YES
202062740207,87a36ce46afe4a69b05029997f9863a7,H,H,H,H,L,L,L,N,N,N,N,H,YES
202062740398,de4c1e4e49794475bb71aa0b5b2ddbbb,H,H,H,N,L,L,L,N,N,N,N,N,YES
202062740428,05663c5cc5c44c769182e787c00935a0,N,N,N,N,L,N,H,H,H,H,H,H,YES
202062750140,a198f2580cf54e13bbfa68311ced3656,N,N,N,N,N,L,L,H,H,H,H,H,YES
202062760073,8dd4a2c502924f25b03154276d68d9cb,H,H,H,H,N,N,N,L,N,N,N,N,YES
202062760142,cb5167d6923d47a79b3849d92a8f2271,L,L,N,N,L,H,H,H,H,L,L,L,YES
202062770118,ec1dae3c2e444e05bf87d07242528189,H,H,H,H,N,L,L,L,N,N,N,N,NO
202062770237,032f41b50b6b476195a1c9cd53807e82,H,H,H,L,L,L,L,N,N,N,N,H,YES
202062770286,dcb807759a7f4f09bdd082ddddc9bc24,N,H,H,H,N,N,N,N,L,L,L,N,NO
202062780108,9791161797654f89b7b03b97db45ec36,N,H,H,H,H,H,L,L,L,N,N,N,YES
202062790306,6ab88b8c4aa44dd5b9738190d085d919,N,N,H,N,N,L,N,N,N,N,N,N,YES
203022860074,ed522656705840c19c8ef5494a82406a,L,L,N,N,H,H,H,H,H,H,L,L,YES
203042940004,d59071446e4d43169d8fcab95585a1b7,H,H,N,N,N,N,N,L,L,L,N,H,YES
203042940018,cc4df7980e71436bbbeba2f7dbf32434,L,N,N,N,N,N,N,N,N,H,N,N,YES
203042940096,2a23479dc7174d60a535428c098fb19b,L,L,L,N,N,N,N,N,N,H,H,H,YES
203063000058,49bc806a98134d20b716d6e39a4fdf97,N,N,N,N,N,L,N,N,N,H,N,N,YES
203073010043,15a741ae6324401288ab1c09f6e94197,L,L,N,N,N,N,N,N,H,H,N,N,YES
203073010095,28edae89a19944829e6156a16565d79b,N,N,N,N,H,H,H,L,L,L,L,L,YES
204013060229,c1dd7f37d3d1487f9fffe745272d8ae3,L,L,L,N,N,H,H,H,H,H,N,L,YES
204023070097,6d73f48e2c8346dc8575d206aa021809,H,H,H,H,L,L,L,N,N,N,N,N,YES
204023070117,4f319e8063934b4a9054ec39f51fbcbc,N,N,H,N,N,L,N,N,N,N,N,N,YES
204023070135,a62ed6d6a7404335b8fd4144ea563f7f,H,H,H,N,N,N,N,N,L,L,L,N,YES
204023070153,3ea4ce31d527493ba684dd02cc71cc7c,N,N,L,N,N,H,H,H,H,L,L,N,YES
204043140113,f37e017d40b04262b9f04baf2707f967,N,N,N,N,N,N,L,N,N,H,N,N,YES
204053190194,c4fc7fa7788145f7a3fd0976143cd1fb,N,N,N,L,L,N,N,N,N,H,H,N,YES
205013260076,1e316d1748cd43f4a233a47227605b48,N,N,L,L,L,L,L,H,H,H,H,H,YES
205013280943,baf974ca5ded4c0cbf31b8a14950bf31,N,N,L,N,N,N,N,H,N,N,N,N,YES
205023290221,1e8162bd07cb47c2b6052f710da869ff,N,N,N,N,N,N,N,L,L,L,N,H,YES
205043350070,fd697fb8b25443b59da36ca122d337a9,H,H,N,L,L,L,N,N,N,N,N,H,YES
205053360219,5754b076f97e48c48fd86455ae881c91,H,H,H,L,L,L,L,L,N,N,H,H,YES
205053370039,8b81dd0a679948b880b66a1f598c45a0,H,H,H,H,H,L,L,L,N,N,N,H,YES
205053370057,5c6184ef621c4f14ba30fa29cd13147a,H,H,H,N,L,L,L,L,N,N,N,H,YES
205063380099,043b0614c80041e7bb86224e331c7834,N,N,N,N,N,H,L,L,N,N,N,N,YES
205063380124,b22f72637bb147e1a837a25a35160eb9,N,H,H,H,L,L,L,N,N,N,N,N,YES
205063380157,1f52142bf553415ebfeddd7d91bb2675,N,N,N,N,L,H,H,N,N,N,N,N,NO
205073400131,8ceb91f645784a15b6b4b660f9eca9fc,L,L,L,L,N,N,N,H,H,H,H,H,YES
205073430141,1d3c6e020a134f6cb2f74711ceb9c5dc,H,H,H,N,L,L,L,L,N,N,N,N,YES
205093460107,9a17e5a268b54e588170832bd9fc2dec,L,L,L,L,L,N,H,H,H,N,N,L,YES
205093460230,ac8cf2f98f404b9ea4440c61531926ce,N,N,H,H,H,H,H,L,L,L,L,N,YES
205093460371,2085ec1a834c474d97cad317a897d3e6,N,H,H,L,L,L,L,H,H,H,N,H,YES
205213480093,83c41f6877454a1cab4bc0bc10e774a2,H,H,H,N,L,L,L,L,N,N,N,N,YES
206053620027,2028a47b8a6d45efb6152a515c5cf0a4,N,H,H,N,N,L,N,N,N,N,N,H,YES
206083670202,55d5d9da934c457f8d87fa50fceee8fb,N,N,L,H,H,H,L,L,H,L,N,N,YES
206083670380,391c5b87d7f74b2b8aca27813d684aa1,N,L,H,H,H,H,H,N,N,N,N,L,YES
206093710094,7ce47bc9fca74b2392b3b51f4d49bf38,N,N,N,N,L,N,N,H,N,N,N,N,NO
206163790366,47606658b55940f1a420bd7b64c65f2d,N,N,N,N,H,N,N,N,L,N,N,N,NO
207023890200,9e44309522e94691845bf0f2f15041d3,H,H,N,N,L,L,L,L,L,L,L,H,YES
207033920187,fbf0e0e5c6f2434bb8820033f44c5e14,N,N,N,H,H,H,H,H,L,L,L,L,NO
207074000179,6477f55c73e44a80a8b6c57d530a8ad9,N,N,N,N,N,N,L,L,N,H,H,N,YES
207074010032,b128cc944a5d4d6f80785919fde72513,H,H,N,N,N,L,L,L,L,L,H,H,NO
207074010118,007e60d0bf334854b312ccb2409eed7f,L,L,N,N,N,N,N,H,H,H,H,L,YES
207074010142,d5762b677bd8479fb15446ade5c22d04,H,H,H,L,L,L,L,N,N,N,N,H,YES
207084030297,2352d238c92a419f91e6e1bab60bf782,L,H,N,N,N,N,N,N,N,N,N,N,YES
207114040015,aba322a789f0438eae96014c4ecc855f,H,N,N,N,N,N,N,N,N,L,N,N,YES
207124050150,429b493db415475dbd88d0f4af3c054e,N,L,H,N,N,N,N,N,N,N,N,N,YES
207204060054,363805e62cbf41b2980a5763f4a6e1fa,N,N,N,N,N,L,L,N,H,H,H,N,YES
207204060187,afa03f7d108b4edf82d4164831a15722,N,N,N,H,H,H,H,H,L,L,L,L,NO
208014080044,bb27fb51c9d34cbaa5e7f6d3756799b6,N,L,L,N,N,H,H,H,L,N,N,N,YES
208014110193,e0dc887544b04796adaa020454652032,N,N,N,N,N,L,L,H,H,H,H,N,YES
208034140003,2a41076421b44f979e43636d9728424d,N,N,N,N,L,L,N,N,H,H,N,N,YES
209024310071,f11db0ef282945f89d7223fb20282d29,N,N,N,N,L,L,L,L,H,H,H,N,YES
209054380122,0153f47bc58a4036acb8cf0f16309dd2,N,N,N,N,L,L,L,N,H,H,H,N,NO
209074400045,813cdddc94cc42c3aca0d1c5d3e10374,H,N,N,N,N,N,N,L,L,L,N,H,NO
209074400120,324309d1cc404b92995f7c327f824740,N,N,N,N,L,L,L,H,H,H,H,H,YES
209094440120,0b6a41558a064562be0fd38e85190cf3,L,L,N,N,N,N,N,N,H,H,N,N,YES
209104480147,b2a4b91793424016b53eab4f8765ec6a,N,N,N,N,L,L,L,L,H,H,H,N,YES
210404530056,246f24d6868f4d65bf0ac9a4d82f1edd,H,H,H,H,N,L,L,N,H,H,N,N,YES
210524560148,c4abd3112d7947b5a91ee7c1e1116157,L,L,L,L,L,L,H,H,H,H,N,H,NO
210534570335,c9353c509bd24469b34dd01fca4ea572,H,H,N,L,N,N,N,N,N,N,N,N,NO
210744700137,71dc023e07af49178e0456b4e18015a3,N,N,N,L,L,N,N,N,H,H,H,N,YES
210814760094,d382e45049974e5baf0d325a38906db6,L,L,N,N,N,N,N,H,H,N,N,N,YES
210834770069,2a1005333abc4ac1ad79c0051f7b04ae,L,N,N,N,N,H,H,N,H,H,N,N,YES
210854780182,16fda3533fea49ca95e32bb02d73263d,L,L,N,N,N,N,N,H,H,N,N,N,NO
301014850160,cf4572ae99184feba6dc86dec75e5902,H,H,N,N,N,L,L,L,N,H,N,N,YES
301014850221,404755a1aa2d4f9894ebd315a4b73e6e,N,L,L,L,N,N,N,H,H,N,N,N,YES
301024880157,89346232f7d3434b8116a01d71d1711e,H,H,H,H,L,L,L,L,L,N,N,H,YES
301044910228,c5644b861016426ba906b43b3eb95ec9,H,N,N,L,L,L,N,N,H,H,N,N,YES
301064980151,ab89e2398c05431bb43a27f0c25e1673,N,N,N,N,N,L,L,N,N,H,H,N,YES
301074990174,7b2790d523544f5fadc36b0cc30e07b8,H,H,H,L,L,L,L,L,L,L,N,N,YES
301074990182,11dc07ba4130498cb6a9d3c441d607e9,H,H,H,L,L,L,L,L,L,N,L,H,YES
301075000130,1eb28b8016d5480c962db6d5ebf5fbbc,H,N,L,H,N,L,N,N,N,H,N,N,YES
302015100043,0f0c040e49424a0ea37377b0bbe367b6,N,H,N,N,N,N,N,N,N,L,N,H,YES
302045140142,138fe65e4394456a9fc55fec3942e856,L,L,L,N,N,N,N,N,N,H,H,H,NO
302055150051,16e35e4959c84fc8af67fd4ba15caff7,H,H,L,L,N,N,N,N,N,N,N,N,YES
302055150053,a0d7c31e66624891b0882a43b362bcb3,N,N,N,N,N,H,H,H,H,L,L,N,YES
302055150125,3fba9c5ad9d647f5a2f28a15225959ec,H,H,H,L,L,L,L,L,N,N,N,L,YES
302055150128,7044c86dce354b30a1bb45b557dc15f4,N,H,L,L,H,H,N,N,N,N,N,H,YES
302075180078,c178cbc635764835bb997e37264afa99,H,H,H,H,L,N,L,H,H,H,H,H,YES
302125260035,17c2899a18474e2695741dcb6eeb569f,H,H,N,L,L,L,L,N,N,N,H,H,YES
302125270043,6ebbfc3de5004066b3147d9d2b2fc0f8,N,N,N,H,H,H,N,N,N,L,L,L,YES
302125270103,fd110f67f1844f36a0032b31a25b0c22,N,N,N,H,H,N,N,N,N,L,L,N,YES
302125270113,c78681536afc403f911e540ac47eb594,N,N,N,H,N,N,N,L,L,N,H,H,YES
302125270114,a988e774dc644359b0bc719bb1621063,N,N,H,H,H,H,N,L,L,L,N,N,YES
303015310009,3c38d3a7805c476db300e4d536a0b5a0,N,N,N,N,N,N,N,L,L,N,N,H,YES
303025320062,d61e48d5c68247ef8ffaadcc9fa32476,H,H,N,N,N,N,N,L,L,L,N,N,YES
303025320118,2a187763ae384077a5aaf193431b3b66,H,H,L,L,L,N,N,N,L,H,N,H,YES
303025320127,24217ba3f5d44ea684f51094685ce544,H,H,H,H,N,N,N,N,L,L,L,L,YES
303025320145,71cd91513a5743c095983a41790ee7a9,H,H,H,L,L,L,L,L,L,L,N,N,YES
303025350064,101f79de544f4e4cb88663fb64e0a353,N,N,H,H,N,N,L,L,N,H,H,N,YES
303025350157,717e78db21a549e9a61f78ff20e802ea,H,H,H,N,N,N,L,L,N,H,H,H,YES
303025350174,4025541d86034a008c2cacba37617fc9,H,H,H,H,H,H,H,H,L,L,N,N,YES
303025350212,5e6d00ae85c544048c4995d03bdb1455,N,H,H,H,H,L,L,L,L,H,H,N,YES
303025360092,bbc3c887d778403ba8801b4ac6b148c8,N,L,L,L,N,N,N,H,H,H,H,N,YES
303025360133,fb4e8b0a3f274de6abc5702e5055a0cc,N,N,L,L,N,N,N,N,N,H,H,H,YES
303075430073,51635c9c3ba648e7ab70523192886ca3,N,L,H,L,L,L,N,N,N,N,N,N,YES
303075430109,fa716337ee654e798c225b3ccb7e0b2b,H,H,H,H,H,H,H,H,H,H,H,H,NO
303075450016,1c89c99c739a468c959429510fa576b5,H,H,H,H,H,H,H,H,H,H,H,H,NO
303075450033,63b3a7d401a74315b8c1d7eea65b22c1,H,N,N,L,L,N,N,N,N,N,H,H,YES
303075460091,c14ffd797ab44b8bba331450281604b0,H,H,H,H,H,H,H,H,H,H,H,H,NO
303075470125,48e96fb7fc4a4bd28b8c6cd76b1fdea9,H,H,H,N,N,N,L,L,N,N,N,H,YES
303085480143,cfa0f489f69f490db04ecd3103673530,N,N,N,N,L,L,L,H,H,H,H,N,YES
303115520016,7255266ca5a74a22ac469e9e68146d4b,H,H,L,L,L,L,L,H,H,H,H,N,YES
303115520136,80c4bf966a7e4dc58682e3ca617e53f8,H,H,H,H,L,L,L,L,N,N,N,H,YES
304015540095,999cc357c1054adea9aa1f2c3710961c,N,N,N,H,H,H,H,H,L,L,L,L,YES
304015560433,63194b9fd9a5456d91558bb3ffd032af,L,L,N,N,N,N,N,L,L,L,H,H,YES
304025600025,105374ca639646d8906e036dfc8ac476,N,L,L,L,L,L,H,H,H,H,N,L,YES
304025600055,3d44ff87d2c0420abb9ee81fdf34c926,L,L,L,L,N,N,N,N,H,H,H,H,YES
304025600154,16c9970d43b94e28adbcb92b13e81e9f,N,N,N,L,L,N,N,H,H,H,N,N,YES
304045650106,5e90b16272b44ed99e3eedaf943684c5,H,H,H,H,H,H,H,H,H,H,H,H,NO
304045650172,069ab247f7264ce581036e1060e312b8,L,L,L,L,L,N,N,H,H,H,H,H,YES
304045670130,7d69bd9673a3475480350e1f0ee92853,N,N,N,L,L,L,L,H,H,H,H,L,YES
305015790074,fab62826568d44f1a423b3f025bbae22,L,L,L,L,N,N,N,H,H,H,H,L,YES
306016010040,9a82dabc5c4e47cda2343aae7a0a6de8,N,N,L,L,L,L,L,L,H,H,H,H,YES
306026070251,12e41952047e41d5a73f0d3e7a1fe345,N,N,N,L,L,L,L,H,H,H,H,N,YES
306036140112,52d1b7a2d60949ae822f6b3a46f0cc25,H,N,L,L,L,L,N,N,N,N,H,H,NO
306036150223,490bc6885f494f479d5246af54f3d292,N,N,N,N,L,L,L,H,H,H,N,N,YES
306206170050,47f816e43bd246088a5b3c883550bc42,N,N,L,L,L,H,H,H,N,N,N,N,YES
306206170063,0082ee2b4e604e8ebeeeb495b1865d5f,L,L,L,N,N,N,N,N,H,H,H,L,YES
306206170130,615a3a870bfc4944beffa6e6ece786f4,N,N,L,L,L,H,H,H,H,H,N,N,YES
307056230097,213b98c7e10a4e5a80ee670eda51af6f,H,H,H,H,N,N,N,L,L,L,L,L,YES
307106330067,888ad8ec605c4d4a9bb2da549daa7435,H,H,H,N,N,N,L,L,L,L,N,H,YES
307106330196,d6bb3e30a3d44bdd8ccbd96ba4c6ab35,L,L,H,L,N,N,N,L,N,H,H,H,YES
307206410062,952d7781ab2f4d1ba598b862e660f551,H,N,L,N,N,N,N,N,N,N,N,N,NO
308016420094,5851736f5f344aed8816f66878ae8e01,N,N,N,N,N,L,L,N,H,H,N,N,YES
308016430046,39db67d674744eb797d445468edb751f,N,N,N,N,N,L,N,N,N,N,H,N,YES
308026480180,a85ff658da674132a962fad34730a36b,L,L,L,L,L,N,N,L,H,H,H,L,YES
308046520025,db9d8ee4aa974e519df34de5462a1fc7,N,N,N,N,L,N,N,N,N,H,N,N,NO
308056550005,69ec6603f853447eb4cd67d9db93fa1c,N,H,H,H,N,L,L,L,N,N,N,N,YES
308056550053,04a8e8f755dd47f0bd7a1b6d589a8212,N,N,N,N,N,L,N,H,N,N,N,N,YES
308056560229,45e624b45a7f4b2286c93b8a62628ae4,N,N,N,N,L,L,N,N,H,H,N,N,YES
308066610160,f93241efda8e49e7866df078cf09af52,L,N,N,N,N,N,N,N,N,H,N,N,YES
308076630116,c710a1912d394efe8e869618d2593691,L,H,N,N,N,N,N,N,N,N,N,N,YES
309036740097,8966c9a882b543989a42aadcbe0c2b58,N,H,N,L,L,N,N,N,N,N,N,H,YES
309036740101,7c28372a44d144c58ecd002d9f654c5d,N,N,H,H,H,L,L,N,N,N,N,N,YES
309036740163,51141e135368409ba3fb2e9a5fec3642,N,N,L,L,N,N,N,N,N,H,H,N,YES
309036740203,8282092108bb4dc89e395b3e418cabc7,N,N,N,N,N,L,L,N,N,H,N,N,YES
309036750022,eb4b4a6041d046b7bb2aa797f3cceb78,N,H,N,N,L,N,N,N,N,N,N,N,YES
309036750080,5207307152e84346a60b80e1ae4e69fd,L,N,H,H,H,N,N,N,N,N,N,N,YES
309036750136,0a658104094441b28a5527951e890f83,N,L,H,L,N,N,N,N,N,N,N,N,YES
309036750178,21440bc9f66841799a0c65398c78a381,L,L,N,N,N,N,N,N,N,N,N,H,YES
309036750249,4bc1a2dad5c6488eb81d9e5a381d60e3,N,N,N,H,H,L,L,N,N,N,N,N,YES
309056790031,1544f8de831b4651824ae978b29d5348,N,H,H,H,N,L,L,N,N,N,N,N,YES
309056790055,540e9b5c8d134bfc8fc6773caaf3da33,H,H,H,H,L,L,N,N,N,N,N,H,YES
309056790117,c58a3bdfc3694efaa813be30908202fb,H,H,H,N,N,N,N,N,L,L,L,N,YES
309056790203,5dd8c5564a4b4a86b5877e48ba496e02,N,L,L,L,H,H,H,H,L,L,L,L,YES
309056800094,986f663c13f94fc5ac683dd1290bc392,H,L,L,L,L,N,N,L,L,H,H,H,YES
309066830167,a138892b8d2344c594e625d5a9e226db,N,N,N,N,N,L,N,N,N,N,N,H,YES
310036980328,2353f7d6f19147e1bf283e8fbf1d0789,L,L,L,L,L,N,N,H,H,H,H,L,YES
310046990084,43557769c7454e2e986f0f330deaadca,L,N,N,N,N,N,N,N,H,H,L,L,YES
310077050169,a1e559ff59974ad4866091d21aeff132,H,H,H,N,N,N,N,L,L,L,N,N,YES
311017100677,2389c5a7293c4cadbabd7f3e5a2b7ee4,N,N,N,H,N,N,N,L,N,N,N,N,NO
311017100698,83c775f6123345059e1916ff6b3e00f1,H,H,N,L,L,L,N,N,N,N,N,H,NO
311027110154,f8cb9614a35e48e48a887462089fa9ca,L,L,H,H,H,N,N,N,N,N,N,N,YES
311047150323,5da42da85b9e4b49a7c7140c31753e47,H,L,L,L,N,N,N,H,H,H,H,H,YES
311057190104,05155a5f72944b468dd8dd4eaf6921ea,H,H,H,N,N,N,N,L,L,L,L,H,YES
311057190239,d3069db542a145f1a157a2be64ca34b3,H,H,N,N,N,N,N,L,L,L,N,H,YES
311077220134,b53dcae63bc1481fbc9c129112df9ba7,H,H,L,L,L,N,N,N,L,L,L,H,YES
311087260311,c588640d76b04459a32ccafb6f692810,N,N,N,N,N,N,L,L,N,N,H,H,YES
311107280040,8fc16ad47fc14597a9592edfcaec9944,N,L,N,L,N,N,N,H,H,H,N,N,YES
312017310324,dc1d42731e5842c39937e0a95e1cca81,H,H,H,H,L,L,L,N,N,H,H,H,YES
312017340204,9909615cfcc345d582b8fe6d93d2a04b,N,N,N,L,L,L,L,H,H,H,H,H,YES
312027360016,6c8276bcc8cf417d8c40c0748a0ab069,H,H,L,L,L,L,N,N,N,N,N,N,YES
312027360222,966efb5005884e1ba2021506a26be5f7,N,N,N,H,H,H,H,H,H,L,L,N,YES
312027370263,2c38c72aba6647f5bc7ac998e1941818,N,N,N,N,L,L,L,H,N,N,N,N,YES
312037410005,642009c9ec584010a181223ef02b808b,N,N,N,L,L,L,L,H,H,H,H,N,NO
312037410135,ea7c120cf1774d5b9179d64c037893b1,N,N,N,N,N,L,L,H,H,H,N,N,YES
312047430178,d8cb6bc3636c4bd297c7cbd3b3d3b9d5,H,H,N,N,N,L,L,L,N,H,N,N,YES
312057440062,37a20b7496ad47769716161129a6ea12,N,N,N,N,N,L,L,H,H,H,N,N,YES
312057460122,b8f583657bb84a42a55ace18e585c959,N,H,H,N,H,L,L,N,N,N,N,N,NO
312207520007,0f82fc61c05844cdb8609225f068981b,N,N,N,N,N,L,L,H,H,H,H,H,YES
313037660125,8a72c2e0a9dd4936ad5d5456c1a5304c,H,H,H,L,L,N,N,L,L,N,H,H,YES
313037700223,0fc6b2fc2ba44076b441e9f81fe7459c,L,L,N,N,N,N,N,N,N,H,H,H,YES
314317740013,2cf4edd7bdf04fc2a465154702623a7c,H,H,N,N,N,L,L,N,N,N,N,N,YES
314317750075,65e3f33fd1a748238a58e074f7a1c1b5,H,H,H,H,H,H,H,H,H,H,H,H,NO
314317770080,8ffc972a67804694944fcad59b6b76f4,H,H,H,H,L,L,L,L,N,N,N,H,YES
314337800074,845a08dc992f435cacace2df71b24775,N,N,N,N,N,H,H,L,L,L,N,N,YES
314337800078,e536f61bc2db4e67a6516e8470f961a4,H,H,H,H,H,H,H,H,H,H,H,H,NO
314337810091,b1650e8b9d0c48c2a557b703396b2f5a,L,L,N,N,N,N,N,N,H,H,H,L,YES
314337820262,a77f8853abc84b919160cb0d8d547eb5,N,L,L,L,N,N,N,N,N,H,H,H,YES
315317950159,bba9b0b4987e4a5481477841873dfe2f,L,L,N,N,N,N,N,N,H,H,L,L,YES
315327980005,bcdb72bbe20645109e1d5cda49741912,H,H,H,N,N,L,L,L,N,N,N,N,YES
315327980221,d6174276d9384a75a1ccc226539b4148,H,H,H,H,L,L,N,N,N,N,N,N,NO
315358020138,c08059c6952f40929f8e771de54ef055,H,H,H,H,N,N,L,L,N,N,N,N,YES
315398040094,7ef243e499a14efca0710babf7fea95f,H,H,H,H,H,N,N,L,L,L,L,L,YES
315408060059,8b0aa4b72a664708b223f8f40db0658a,N,N,N,H,H,H,L,N,N,N,N,N,YES
315408060192,a14a8279f5a74105bfb2c4dc46194be8,N,N,N,L,L,N,N,N,H,H,N,N,YES
315408060203,a6d6fd9a0fbb4c69b06482501e377507,L,L,L,L,L,N,N,H,H,H,N,N,YES
315448090005,9b766ebb86a7459e8c570cbb4ad11339,N,H,H,H,N,N,.,L,L,N,N,N,YES
315498120102,112dc2135689405bad37ed2e7aed811b,N,N,L,L,L,N,N,N,H,H,H,H,YES
315538160002,29a6864459df4962b07739c7737f17d2,N,N,L,L,L,L,N,N,H,H,H,N,YES
