case_id,HHID,Boats_EnginesID,fs_h07a,fs_h07b,fs_h08,fs_h09,fs_h10,fs_h11,fs_h12,fs_h13
102011240076,1449dd2a736f4260b3a5c00c48c01665,Outboard engine,yes,,1,0,2000000,0,0,40000
102011240127,4ed4eac64a2144b4b1eac7e946cebd36,Outboard engine,yes,,1,0,1800000,0,0,67500
102031310144,bd08c9d072c74aa483eebcbf185de1cc,Bwato (dugout),yes,,3,3,90000,0,0,0
102031340149,fd3fde4884b849f88371920162c589a6,Bwato (dugout),yes,,1,1,30000,0,0,0
102041360174,e4f7cfdc75d844a3b86abf1a518e0104,Plankboat,yes,,1,1,150000,0,0,0
102041360174,e4f7cfdc75d844a3b86abf1a518e0104,Bwato (dugout),yes,,4,4,150000,0,0,0
102041390006,899b06a1598e42308e88166a1b3b66d8,Outboard engine,yes,,2,2,35000,0,0,10000
102041390006,899b06a1598e42308e88166a1b3b66d8,Plankboat,yes,,3,3,450000,0,0,50000
102041390006,899b06a1598e42308e88166a1b3b66d8,Bwato (dugout),yes,,6,6,70000,0,0,80000
102051410136,f1ce8161e4004670a8edf9f48ae59ed1,Bwato (dugout),yes,,1,1,50000,0,0,0
102051410186,13bfa8ac242f4ce3b8f823be3e7daf9d,Outboard engine,yes,,1,1,300000,0,0,0
103021520043,4a615fd4975e43baad72dbf120a5a3b4,Bwato (dugout),yes,,1,1,90000,0,20000,0
103021520121,ca477b192b344b6da709672368794576,Plankboat,yes,,1,0,200000,0,0,0
103051560008,826f18cfb28f46b38a961caee38658c8,Bwato (dugout),yes,,2,2,70000,0,0,0
103051560029,9e2b74583ee74f159721f71160ae0cf3,Bwato (dugout),yes,,1,0,100000,60000,5000,0
103051560034,9f6ed8b2a26547da9e9864b87f12c00f,Bwato (dugout),yes,,1,1,25000,0,2000,0
103051560121,dade4852b38646408924eabdff8e9155,Bwato (dugout),yes,,1,1,95000,0,0,0
103051560124,ab73a5cba3ea4c39b51a134a3995c356,Bwato (dugout),yes,,1,1,60000,0,0,0
103051560127,f986187c2e5e460fb5e1a6e0637c8ea5,Outboard engine,yes,,1,0,3100000,0,0,40000
103051560127,f986187c2e5e460fb5e1a6e0637c8ea5,Bwato (dugout),yes,,2,0,25000,0,0,0
103061570012,13908448d36c494db21d0ddfa12cac1e,Bwato (dugout),yes,,1,0,60000,0,36000,0
103061570040,6e7ecbbd6d7443399057e2e66f7889b3,Bwato (dugout),yes,,1,0,90000,0,0,0
103061570199,95621fcb6a2e4500a79a407436ef8146,Plankboat,yes,,1,0,80000,0,0,0
103061570203,3a350102d7ec42edadeec08e1f8555e9,Bwato (dugout),yes,,1,0,70000,0,0,0
103071590137,2ce10fc6386840e6855ee3010a428ec2,Bwato (dugout),yes,,1,1,65000,0,0,0
103071590145,ba5dcfc6f42e46f987ec987db024fd16,Bwato (dugout),yes,,1,0,150000,0,0,0
103071590169,56f929979a924f0dbf18f8b87bdf1cbd,Bwato (dugout),yes,,1,0,50000,0,0,0
103071590172,dc6bcfce915647c9bed0e4ccd5e21a23,Bwato (dugout),yes,,1,0,150000,0,0,0
103091620009,8b22280141cf4613b3d2e9ef9da33d90,Outboard engine,yes,,1,1,500000,0,0,9000
103091620014,e5ef30cd32f842f99e81b66256283285,Outboard engine,yes,,1,1,0,0,0,20000
103091620017,7bdeb0713a3a4be3adbd57b9d856c8ae,Plankboat,yes,,1,0,150000,0,40000,0
103091620022,441a7583bdfa46bab21f95056eb32d95,Bwato (dugout),yes,,1,0,120000,0,0,0
103121640016,e4547af32128495991bf03d03a57f8db,Bwato (dugout),yes,,1,0,80000,0,25000,0
103121640031,cdbb743f058e44b7b07d5ca1fd259661,Bwato (dugout),yes,,1,0,150000,0,0,0
103121640062,4e809b335b844db28d06a96d374f87f2,Outboard engine,yes,,1,1,1200000,0,0,80000
104041780004,c9ab0b29b74e40bc93bbe4d1f541192a,Outboard engine,yes,,1,1,750000,0,0,41200
104041780137,c99c252d0f00467aa85701cf5642b95a,Bwato (dugout),yes,,1,1,8000,0,0,0
106012110004,d44fc041d3cf42928b460ca5e04ead07,Outboard engine,yes,,1,0,2500000,0,0,0
106012110035,555df629fecb46188e9ac0d9c6604c15,Plankboat,yes,,1,0,200000,0,5000,0
106012110048,342472e366f946749694e1d4073060b9,Outboard engine,yes,,1,0,0,0,0,0
106012110048,342472e366f946749694e1d4073060b9,Bwato (dugout),yes,,2,0,0,0,0,0
106012110053,543cc1d9ba2441ada5fcb314ba212923,Outboard engine,yes,,1,0,300000,0,5000,30000
106012110070,db8d62f269ce4087b6888253bfe2c32b,Outboard engine,yes,,1,0,1000000,0,240000,36000
106012110078,f7c465a554084ab4a81239bb6dbb1e4d,Outboard engine,yes,,1,0,60000,0,0,80000
106012110078,f7c465a554084ab4a81239bb6dbb1e4d,Plankboat,yes,,1,0,170000,0,0,0
106012110094,71d995caf65841f08abada272723506d,Plankboat,yes,,1,0,100000,0,0,0
106012110109,d4f329c6aab0471a8b64d42108bbf047,Plankboat,yes,,1,0,100000,0,0,0
106012110360,8b8846595c544806a0848e62b383f1a3,Outboard engine,yes,,1,1,0,0,0,60000
106012110398,0eb1bca745c64cf0b7c6a3f44598e6de,Bwato (dugout),yes,,1,0,120000,0,0,0
106012110432,bd8f8975d684493d8129ce8b7c1f8d5d,Plankboat,yes,,1,0,150000,0,0,0
106012120044,0be0747c8c6b45ab805f47e59f7e7dcf,Outboard engine,yes,,1,0,500000,0,40000,30000
202042700118,eb7f8207ec0341fba18c0e5adef3c9c8,Bwato (dugout),yes,,1,1,100000,0,0,0
205053360219,5754b076f97e48c48fd86455ae881c91,Bwato (dugout),yes,,1,1,60000,0,0,0
205063380099,043b0614c80041e7bb86224e331c7834,Bwato (dugout),yes,,1,0,40000,0,3000,0
205063380157,1f52142bf553415ebfeddd7d91bb2675,Bwato (dugout),yes,,1,1,80000,0,0,0
205093460107,9a17e5a268b54e588170832bd9fc2dec,Bwato (dugout),no,,0,1,0,0,0,0
205093460371,2085ec1a834c474d97cad317a897d3e6,Bwato (dugout),yes,,1,1,50000,1,55000,0
301014850221,404755a1aa2d4f9894ebd315a4b73e6e,Bwato (dugout),yes,,1,1,40000,0,0,0
301074990174,7b2790d523544f5fadc36b0cc30e07b8,Plankboat,yes,,1,0,0,0,0,0
302125270043,6ebbfc3de5004066b3147d9d2b2fc0f8,Bwato (dugout),yes,,1,1,3000,0,0,6000
302125270103,fd110f67f1844f36a0032b31a25b0c22,Bwato (dugout),yes,,1,0,28500,0,1000,0
302125270114,a988e774dc644359b0bc719bb1621063,Bwato (dugout),yes,,1,0,4000,0,4000,0
303025320127,24217ba3f5d44ea684f51094685ce544,Plankboat,yes,,1,1,200000,0,0,0
303025350064,101f79de544f4e4cb88663fb64e0a353,Plankboat,yes,,1,1,80000,0,0,0
303025350064,101f79de544f4e4cb88663fb64e0a353,Bwato (dugout),yes,,1,1,40000,0,0,0
303025350157,717e78db21a549e9a61f78ff20e802ea,Bwato (dugout),yes,,1,1,40000,0,0,0
303025350174,4025541d86034a008c2cacba37617fc9,Plankboat,yes,,1,0,120000,0,30000,0
309036740097,8966c9a882b543989a42aadcbe0c2b58,Bwato (dugout),yes,,1,0,30000,0,2000,0
309036740203,8282092108bb4dc89e395b3e418cabc7,Bwato (dugout),yes,,1,0,2000,0,0,0
309056790055,540e9b5c8d134bfc8fc6773caaf3da33,Bwato (dugout),yes,,1,0,100000,0,1,30000
309056790117,c58a3bdfc3694efaa813be30908202fb,Bwato (dugout),yes,,1,1,200,0,1000,0
309056790203,5dd8c5564a4b4a86b5877e48ba496e02,Bwato (dugout),yes,,1,1,35000,0,0,0
311027110154,f8cb9614a35e48e48a887462089fa9ca,Bwato (dugout),yes,,1,0,30000,0,7200,0
