case_id,HHID,Fishing_GearID,fs_h01a,fs_h01b,fs_h02,fs_h03,fs_h04,fs_hfilter,fs_h05,fs_hfilter6,fs_h06
102011240076,1449dd2a736f4260b3a5c00c48c01665,Usipa (mosquito) net,yes,,1,0,35000,YES,1,NO,
102011240127,4ed4eac64a2144b4b1eac7e946cebd36,Usipa (mosquito) net,yes,,6,0,60000,NO,,NO,
102031310144,bd08c9d072c74aa483eebcbf185de1cc,Mbuka/ntaya/ukonde (gillnet),yes,,1,0,250000,NO,,YES,10000
102031310144,bd08c9d072c74aa483eebcbf185de1cc,Usipa (mosquito) net,yes,,1,1,70000,NO,,NO,
102031340149,fd3fde4884b849f88371920162c589a6,Chimilira,yes,,1,1,40000,NO,,NO,
102041360174,e4f7cfdc75d844a3b86abf1a518e0104,Usipa (mosquito) net,yes,,1,1,180000,NO,,NO,
102041390006,899b06a1598e42308e88166a1b3b66d8,Chimilira,yes,,3,3,400000,NO,,NO,
102051410136,f1ce8161e4004670a8edf9f48ae59ed1,Mbuka/ntaya/ukonde (gillnet),yes,,1,1,50000,NO,,NO,
102051410186,13bfa8ac242f4ce3b8f823be3e7daf9d,Mbuka/ntaya/ukonde (gillnet),yes,,1,1,85000,NO,,NO,
103021520043,4a615fd4975e43baad72dbf120a5a3b4,Mbuka/ntaya/ukonde (gillnet),yes,,1,1,120000,NO,,NO,
103021520121,ca477b192b344b6da709672368794576,"Other, specify",yes,CHIKWITU,1,0,70000,NO,,NO,
103041540194,789e0c9e34634b5e994240f549bf2e57,Mbedza (long /hand line),yes,,14,14,30,NO,,NO,
103051560008,826f18cfb28f46b38a961caee38658c8,Mbuka/ntaya/ukonde (gillnet),yes,,1,1,50000,NO,,NO,
103051560029,9e2b74583ee74f159721f71160ae0cf3,"Other, specify",yes,MARGOES WIRE,2,2,14000,NO,,NO,
103051560034,9f6ed8b2a26547da9e9864b87f12c00f,"Other, specify",yes,VILEPA,1,1,30000,NO,,NO,
103051560121,dade4852b38646408924eabdff8e9155,Mbuka/ntaya/ukonde (gillnet),yes,,1,1,85000,NO,,NO,
103051560124,ab73a5cba3ea4c39b51a134a3995c356,Mbuka/ntaya/ukonde (gillnet),yes,,1,1,200000,NO,,NO,
103051560127,f986187c2e5e460fb5e1a6e0637c8ea5,Chimilira,yes,,1,0,200000,NO,,NO,
103061570012,13908448d36c494db21d0ddfa12cac1e,Mbedza (long /hand line),yes,,1000,1000,1200,NO,,NO,
103061570040,6e7ecbbd6d7443399057e2e66f7889b3,Mbedza (long /hand line),yes,,5000,500,1500,NO,,NO,
103061570199,95621fcb6a2e4500a79a407436ef8146,"Other, specify",yes,KHOKHA,1,0,400000,NO,,NO,
103061570203,3a350102d7ec42edadeec08e1f8555e9,Mbedza (long /hand line),yes,,1000,1000,20,NO,,NO,
103071590131,311fdbae1e814acaa952ab564c9f8460,"Other, specify",no,NO FISHING DONE,0,0,0,NO,,NO,
103071590137,2ce10fc6386840e6855ee3010a428ec2,Mbuka/ntaya/ukonde (gillnet),yes,,800,1200,9500,NO,,NO,
103071590145,ba5dcfc6f42e46f987ec987db024fd16,"Other, specify",yes,VILEPA,1,0,10000,NO,,NO,
103071590169,56f929979a924f0dbf18f8b87bdf1cbd,Mbuka/ntaya/ukonde (gillnet),yes,,1,0,10000,NO,,NO,
103071590172,dc6bcfce915647c9bed0e4ccd5e21a23,Mbuka/ntaya/ukonde (gillnet),yes,,1,0,100000,NO,,NO,
103091620009,8b22280141cf4613b3d2e9ef9da33d90,Chimilira,yes,,1,1,400000,NO,,NO,
103091620014,e5ef30cd32f842f99e81b66256283285,Usipa (mosquito) net,yes,,1,1,550000,YES,1,NO,
103091620017,7bdeb0713a3a4be3adbd57b9d856c8ae,Mbedza (long /hand line),yes,,2,0,10000,NO,,YES,10000
103091620022,441a7583bdfa46bab21f95056eb32d95,Mbedza (long /hand line),yes,,4,4,2000,YES,1500,NO,
103121640016,e4547af32128495991bf03d03a57f8db,Usipa (mosquito) net,yes,,1,0,250000,NO,,YES,20000
103121640031,cdbb743f058e44b7b07d5ca1fd259661,Mbedza (long /hand line),yes,,1,1,15000,NO,,NO,
103121640062,4e809b335b844db28d06a96d374f87f2,Mbuka/ntaya/ukonde (gillnet),no,,0,0,0,NO,,NO,
103121640062,4e809b335b844db28d06a96d374f87f2,Usipa (mosquito) net,yes,,1,1,500000,NO,,NO,
103121650179,cba0fa54bfa74ada8d6382d8aab3fae7,Usipa (mosquito) net,yes,,1,1,0,NO,,NO,
103121660089,ce97d4fe0ebb4eee8c921539ed3c178d,Mbedza (long /hand line),yes,,3,3,500,YES,3,NO,
104011730202,74ee239e031a4bf3932eba77bbe05473,Usipa (mosquito) net,yes,,1,1,0,NO,,NO,
104041780004,c9ab0b29b74e40bc93bbe4d1f541192a,Usipa (mosquito) net,yes,,1,1,500000,NO,,NO,
104041780137,c99c252d0f00467aa85701cf5642b95a,Mbuka/ntaya/ukonde (gillnet),yes,,1,1,1500000,NO,,NO,
106012110004,d44fc041d3cf42928b460ca5e04ead07,"Other, specify",yes,CHIKWITO,1,0,600000,NO,,NO,
106012110035,555df629fecb46188e9ac0d9c6604c15,Mbuka/ntaya/ukonde (gillnet),yes,,1,0,50000,NO,,NO,
106012110035,555df629fecb46188e9ac0d9c6604c15,Mbedza (long /hand line),yes,,1,1,5000,NO,,NO,
106012110048,342472e366f946749694e1d4073060b9,Usipa (mosquito) net,yes,,1,0,0,NO,,NO,
106012110053,543cc1d9ba2441ada5fcb314ba212923,Chimilira,yes,,1,0,800000,NO,,NO,
106012110070,db8d62f269ce4087b6888253bfe2c32b,Mbuka/ntaya/ukonde (gillnet),yes,,2000,2000,50000,NO,,NO,
106012110078,f7c465a554084ab4a81239bb6dbb1e4d,Chimilira,yes,,1,0,5000,NO,,NO,
106012110078,f7c465a554084ab4a81239bb6dbb1e4d,Mbedza (long /hand line),yes,,3,3,3000,NO,,NO,
106012110094,71d995caf65841f08abada272723506d,"Other, specify",yes,MAKOMBE,1,0,7000,NO,,NO,
106012110109,d4f329c6aab0471a8b64d42108bbf047,"Other, specify",yes,KHOKHA,1,0,200000,NO,,NO,
106012110360,8b8846595c544806a0848e62b383f1a3,Mbuka/ntaya/ukonde (gillnet),yes,,10,10,0,NO,,NO,
106012110398,0eb1bca745c64cf0b7c6a3f44598e6de,Usipa (mosquito) net,yes,,1,0,10000,NO,,NO,
106012110432,bd8f8975d684493d8129ce8b7c1f8d5d,Usipa (mosquito) net,yes,,1,0,10000,NO,,NO,
106012120044,0be0747c8c6b45ab805f47e59f7e7dcf,Mbuka/ntaya/ukonde (gillnet),yes,,1,1,130000,NO,,YES,25000
202012610034,1a66dc2cc2f443e9bf44d36163d02efe,Mbedza (long /hand line),yes,,2,0,100,NO,,YES,50
202012650174,f220d6e4a1004dc6b8edadafd7c6c6e8,Mbedza (long /hand line),yes,,2,2,50,NO,,NO,
202042700038,ad2716ee75784ef79a82fbeaa12d796c,Mbedza (long /hand line),yes,,5,5,150,NO,,NO,
202042700041,4e0ae39c3acd40b08221882ec4771e8d,Mbedza (long /hand line),yes,,2,2,300,NO,,NO,
202042700118,eb7f8207ec0341fba18c0e5adef3c9c8,Kambuzi (beach) seine,yes,,2,2,20000,NO,,NO,
202062740207,87a36ce46afe4a69b05029997f9863a7,Mbedza (long /hand line),yes,,1,1,200,NO,,NO,
205053360219,5754b076f97e48c48fd86455ae881c91,"Other, specify",yes,FISH LINE(MTSEMPHA),1,1,5000,NO,,NO,
205063380099,043b0614c80041e7bb86224e331c7834,Mbuka/ntaya/ukonde (gillnet),yes,,1,0,12000,NO,,YES,2000
205063380099,043b0614c80041e7bb86224e331c7834,Usipa (mosquito) net,yes,,1,0,12000,NO,,YES,2000
205063380157,1f52142bf553415ebfeddd7d91bb2675,Mbuka/ntaya/ukonde (gillnet),yes,,2,2,10000,NO,,NO,
205093460107,9a17e5a268b54e588170832bd9fc2dec,Mbuka/ntaya/ukonde (gillnet),no,,0,1,15000,YES,5,NO,
205093460371,2085ec1a834c474d97cad317a897d3e6,Chavi (castnet),yes,,2,2,45000,NO,,NO,
206053620027,2028a47b8a6d45efb6152a515c5cf0a4,Mono (fish traps),yes,,3,3,130,NO,,NO,
207074000179,6477f55c73e44a80a8b6c57d530a8ad9,Mbedza (long /hand line),yes,,3,3,300,YES,3,NO,
207084030297,2352d238c92a419f91e6e1bab60bf782,Mono (fish traps),yes,,4,2,10000,NO,,NO,
301014850221,404755a1aa2d4f9894ebd315a4b73e6e,Kambuzi (beach) seine,yes,,1,1,70000,NO,,NO,
301024880157,89346232f7d3434b8116a01d71d1711e,Mbuka/ntaya/ukonde (gillnet),yes,,4,10,100000,NO,,NO,
301074990174,7b2790d523544f5fadc36b0cc30e07b8,Kambuzi (beach) seine,yes,,1,1,70000,NO,,NO,
302055150128,7044c86dce354b30a1bb45b557dc15f4,Mono (fish traps),yes,,25,25,1800,NO,,NO,
302125260035,17c2899a18474e2695741dcb6eeb569f,Mono (fish traps),yes,,30,30,700,NO,,NO,
302125270043,6ebbfc3de5004066b3147d9d2b2fc0f8,Mbuka/ntaya/ukonde (gillnet),yes,,20,20,0,NO,,NO,
302125270103,fd110f67f1844f36a0032b31a25b0c22,Mbuka/ntaya/ukonde (gillnet),yes,,16,16,800,NO,,NO,
302125270114,a988e774dc644359b0bc719bb1621063,Mbuka/ntaya/ukonde (gillnet),yes,,20,20,19000,NO,,NO,
303025320127,24217ba3f5d44ea684f51094685ce544,"Other, specify",yes,NKHOKA,1,1,800000,NO,,NO,
303025350064,101f79de544f4e4cb88663fb64e0a353,Mbedza (long /hand line),yes,,200,200,2200,NO,,NO,
303025350157,717e78db21a549e9a61f78ff20e802ea,Mbedza (long /hand line),yes,,1000,1000,3000,NO,,NO,
303025350174,4025541d86034a008c2cacba37617fc9,Usipa (mosquito) net,yes,,28,28,5500,YES,55000,NO,
308056550005,69ec6603f853447eb4cd67d9db93fa1c,Mono (fish traps),yes,,3,3,9000,NO,,NO,
309036740097,8966c9a882b543989a42aadcbe0c2b58,Mbedza (long /hand line),yes,,300,300,2400,YES,300,NO,
309036740203,8282092108bb4dc89e395b3e418cabc7,Mono (fish traps),yes,,50,50,20000,NO,,NO,
309036750022,eb4b4a6041d046b7bb2aa797f3cceb78,Mono (fish traps),yes,,6,6,500,NO,,NO,
309036750136,0a658104094441b28a5527951e890f83,Mono (fish traps),yes,,6,6,1500,NO,,NO,
309056790055,540e9b5c8d134bfc8fc6773caaf3da33,Mbedza (long /hand line),yes,,10,10,50,YES,10,NO,
309056790117,c58a3bdfc3694efaa813be30908202fb,Usipa (mosquito) net,yes,,80,80,72000,NO,,NO,
309056790203,5dd8c5564a4b4a86b5877e48ba496e02,Mono (fish traps),yes,,30,30,700,NO,,NO,
311027110154,f8cb9614a35e48e48a887462089fa9ca,Mono (fish traps),yes,,4,4,1500,NO,,NO,
311047150323,5da42da85b9e4b49a7c7140c31753e47,Mbedza (long /hand line),yes,,2,2,140,NO,,NO,
