case_id,HHID,Boats_EnginesID,fs_d07a,fs_d07b,fs_d08,fs_d09,fs_d10,fs_d11,fs_d12,fs_d13
102011240015,57e2c166f1fe4b028513be992b377f45,Outboard engine,yes,,1,0,2200000,0,0,40000
102011240076,1449dd2a736f4260b3a5c00c48c01665,Outboard engine,yes,,2,0,2000000,0,0,60000
102011240127,4ed4eac64a2144b4b1eac7e946cebd36,Outboard engine,yes,,1,0,1800000,0,0,67500
102031310144,bd08c9d072c74aa483eebcbf185de1cc,Bwato (dugout),yes,,3,0,270000,0,60000,0
102031310209,26598eb9e853402b86c1264b470a8af5,Bwato (dugout),yes,,1,0,30000,0,0,0
102031340149,fd3fde4884b849f88371920162c589a6,Bwato (dugout),yes,,1,1,30000,0,0,0
102041360174,e4f7cfdc75d844a3b86abf1a518e0104,Plankboat,yes,,1,1,150000,0,0,0
102041360174,e4f7cfdc75d844a3b86abf1a518e0104,Bwato (dugout),yes,,4,4,50000,1,50000,0
102041390006,899b06a1598e42308e88166a1b3b66d8,Plankboat,yes,,1,1,100000,0,0,0
102041390006,899b06a1598e42308e88166a1b3b66d8,Outboard engine,yes,,2,2,2000000,0,0,140000
102041390006,899b06a1598e42308e88166a1b3b66d8,Bwato (dugout),yes,,6,6,70000,3,0,0
102051410136,f1ce8161e4004670a8edf9f48ae59ed1,Bwato (dugout),yes,,1,1,50000,0,0,0
102051410186,13bfa8ac242f4ce3b8f823be3e7daf9d,Outboard engine,yes,,1,1,3000000,0,0,84000
103021520043,4a615fd4975e43baad72dbf120a5a3b4,Bwato (dugout),yes,,1,1,90000,90000,0,0
103021520121,ca477b192b344b6da709672368794576,Plankboat,yes,,1,0,250000,0,0,0
103041540194,789e0c9e34634b5e994240f549bf2e57,Bwato (dugout),yes,,1,0,40000,0,0,0
103051560008,826f18cfb28f46b38a961caee38658c8,Bwato (dugout),yes,,2,2,70000,0,0,0
103051560014,c65b0436b3c74579a404d06664b6a048,Bwato (dugout),yes,,1,0,0,0,0,0
103051560029,9e2b74583ee74f159721f71160ae0cf3,Bwato (dugout),yes,,1,0,100000,0,10000,0
103051560034,9f6ed8b2a26547da9e9864b87f12c00f,Bwato (dugout),yes,,1,0,30000,0,4000,0
103051560121,dade4852b38646408924eabdff8e9155,Bwato (dugout),yes,,1,1,95000,0,0,0
103051560124,ab73a5cba3ea4c39b51a134a3995c356,Bwato (dugout),yes,,1,1,60000,0,0,0
103051560127,f986187c2e5e460fb5e1a6e0637c8ea5,Outboard engine,yes,,1,0,3100000,0,0,60000
103051560127,f986187c2e5e460fb5e1a6e0637c8ea5,Bwato (dugout),yes,,2,1,25000,0,0,0
103061570005,c683ba6225d24cbebdb0b6dc1e8881e4,Bwato (dugout),yes,,1,0,30000,0,0,0
103061570012,13908448d36c494db21d0ddfa12cac1e,Bwato (dugout),yes,,1,0,60000,0,110000,0
103061570040,6e7ecbbd6d7443399057e2e66f7889b3,Bwato (dugout),yes,,2,0,90000,0,10000,0
103061570040,6e7ecbbd6d7443399057e2e66f7889b3,Outboard engine,yes,,1,0,150000,0,200000,100000
103061570199,95621fcb6a2e4500a79a407436ef8146,Plankboat,yes,,1,0,150000,0,0,0
103061570203,3a350102d7ec42edadeec08e1f8555e9,Bwato (dugout),yes,,1,0,100000,0,0,0
103071590131,311fdbae1e814acaa952ab564c9f8460,Plankboat,yes,,1,1,100000,0,0,0
103071590137,2ce10fc6386840e6855ee3010a428ec2,Bwato (dugout),yes,,1,1,65000,0,0,0
103071590145,ba5dcfc6f42e46f987ec987db024fd16,Bwato (dugout),yes,,1,0,60000,0,0,0
103071590169,56f929979a924f0dbf18f8b87bdf1cbd,Bwato (dugout),yes,,1,0,50000,0,0,0
103071590172,dc6bcfce915647c9bed0e4ccd5e21a23,Bwato (dugout),yes,,1,0,150000,0,0,0
103091620009,8b22280141cf4613b3d2e9ef9da33d90,Outboard engine,yes,,1,1,500000,0,60000,45000
103091620017,7bdeb0713a3a4be3adbd57b9d856c8ae,Plankboat,yes,,1,0,15000,0,5000,0
103091620022,441a7583bdfa46bab21f95056eb32d95,Bwato (dugout),yes,,1,0,120000,0,24000,0
103091620078,82a903b5201b4ad59bf79a87749d1e14,Outboard engine,yes,,1,0,1900000,0,0,0
103121640016,e4547af32128495991bf03d03a57f8db,Bwato (dugout),yes,,1,0,80000,0,30000,0
103121640021,022aae14b41d46488caa895611177b7b,Outboard engine,yes,,1,0,500000,0,0,0
103121640031,cdbb743f058e44b7b07d5ca1fd259661,Outboard engine,yes,,1,0,1600000,0,0,15000
103121640062,4e809b335b844db28d06a96d374f87f2,Outboard engine,yes,,1,1,1400000,0,0,680000
104041780004,c9ab0b29b74e40bc93bbe4d1f541192a,Outboard engine,yes,,1,1,750000,0,0,49200
104041780137,c99c252d0f00467aa85701cf5642b95a,Bwato (dugout),yes,,1,1,80000,0,0,0
105041980029,2e0b88f7cb60435a8d92895d33ac50c4,"Other,specify",yes,,1,1,2000,0,0,0
106012110001,197c13ae874b4907980b611acb5cdf03,Bwato (dugout),yes,,1,0,60000,0,0,0
106012110004,d44fc041d3cf42928b460ca5e04ead07,Plankboat,yes,,1,0,500000,0,0,0
106012110048,342472e366f946749694e1d4073060b9,Outboard engine,yes,,1,0,0,0,0,0
106012110048,342472e366f946749694e1d4073060b9,Bwato (dugout),yes,,2,0,0,0,0,0
106012110053,543cc1d9ba2441ada5fcb314ba212923,Outboard engine,yes,,1,0,3000000,0,40000,30000
106012110070,db8d62f269ce4087b6888253bfe2c32b,Outboard engine,yes,,1,0,1000000,0,1,30000
106012110078,f7c465a554084ab4a81239bb6dbb1e4d,Outboard engine,yes,,1,0,400000,0,0,160000
106012110078,f7c465a554084ab4a81239bb6dbb1e4d,Plankboat,yes,,1,0,170000,0,100000,0
106012110094,71d995caf65841f08abada272723506d,Bwato (dugout),yes,,1,0,100000,0,0,0
106012110109,d4f329c6aab0471a8b64d42108bbf047,Plankboat,yes,,1,0,100000,0,0,0
106012110360,8b8846595c544806a0848e62b383f1a3,Outboard engine,yes,,1,1,0,0,0,120000
106012110398,0eb1bca745c64cf0b7c6a3f44598e6de,Plankboat,yes,,1,0,100000,0,0,0
106012110432,bd8f8975d684493d8129ce8b7c1f8d5d,Plankboat,yes,,1,0,150000,0,0,0
106012120040,c6618cc94bad4c4f94f1bdea292492ad,Bwato (dugout),yes,,1,1,0,0,0,0
106012120044,0be0747c8c6b45ab805f47e59f7e7dcf,Outboard engine,yes,,1,0,72000,0,0,15000
106012120081,0bf40235b9c144faaab974ee944a4bd0,Plankboat,yes,,1,1,50000,0,0,0
106012120081,0bf40235b9c144faaab974ee944a4bd0,Bwato (dugout),yes,,3,3,240000,0,0,0
106012120104,6be3950e67f949b3ba53e41510beb3f8,Bwato (dugout),yes,,2,0,300000,0,25000,0
106012120152,aa136f9bff0e4b0f97b0689ac633ee3c,Bwato (dugout),yes,,1,1,250000,0,0,0
202012610034,1a66dc2cc2f443e9bf44d36163d02efe,Bwato (dugout),yes,,2,0,30000,0,2,2000
202012610047,829cfd6017e042bfbd03078497083042,Bwato (dugout),yes,,1,1,120000,0,0,0
202012640112,93da393f2e0349aabebd3923f9bb6cee,Bwato (dugout),yes,,1,0,90000,0,0,0
202012640113,0ff40b7a5a2e4ed988266cf0f5ded053,Bwato (dugout),yes,,1,0,0,0,0,6000
202012640155,bd7f18d847f8471c91dbe306fce4555e,Bwato (dugout),yes,,1,0,3000,0,2000,0
202012640209,338025b7ebba4cde9ee471f5a3750a6f,Bwato (dugout),yes,,1,0,100000,0,10000,0
202012640217,3f0493aac12b4454b26ae066bba904b8,Bwato (dugout),yes,,1,0,25000,2,0,0
202012640248,2e467500122f43dbb03b768163ece17b,Bwato (dugout),yes,,1,0,90000,0,25000,0
202032690313,2f56bc91ee38466598a2327d0e8f3008,Bwato (dugout),yes,,1,0,50000,0,15000,0
202032690331,a00372954140485a946b116b74ab74a7,Bwato (dugout),yes,,1,1,40000,0,0,0
202042700118,eb7f8207ec0341fba18c0e5adef3c9c8,Bwato (dugout),yes,,1,1,100000,0,0,0
202042710177,c6735b6c1436494b9a2502bcf7ac4fd5,Bwato (dugout),yes,,1,0,100000,0,2000,0
203073010043,15a741ae6324401288ab1c09f6e94197,"Other,specify",yes,,1,1,0,0,0,0
205043350070,fd697fb8b25443b59da36ca122d337a9,"Other,specify",no,,0,0,0,0,0,0
205053360219,5754b076f97e48c48fd86455ae881c91,Bwato (dugout),yes,,1,1,50000,0,7000,0
205053370039,8b81dd0a679948b880b66a1f598c45a0,Bwato (dugout),yes,,1,1,40000,0,0,0
205053370057,5c6184ef621c4f14ba30fa29cd13147a,Bwato (dugout),yes,,1,0,80000,0,10000,0
205063380157,1f52142bf553415ebfeddd7d91bb2675,Bwato (dugout),yes,,1,1,80000,0,0,0
205093460107,9a17e5a268b54e588170832bd9fc2dec,Bwato (dugout),no,,0,0,0,0,10000,0
205093460230,ac8cf2f98f404b9ea4440c61531926ce,Bwato (dugout),no,,0,1,0,0,0,0
205093460371,2085ec1a834c474d97cad317a897d3e6,Bwato (dugout),yes,,1,1,50000,1,55000,3000
207023890200,9e44309522e94691845bf0f2f15041d3,Plankboat,yes,,1,1,0,0,0,0
301014850221,404755a1aa2d4f9894ebd315a4b73e6e,Bwato (dugout),yes,,1,1,50000,0,0,0
301024880157,89346232f7d3434b8116a01d71d1711e,Bwato (dugout),yes,,2,0,120000,0,25000,0
301074990174,7b2790d523544f5fadc36b0cc30e07b8,Plankboat,yes,,1,0,110000,0,0,0
302055150051,16e35e4959c84fc8af67fd4ba15caff7,Bwato (dugout),yes,,1,1,30000,0,0,0
302055150053,a0d7c31e66624891b0882a43b362bcb3,Bwato (dugout),yes,,1,1,20000,1,15000,4000
302055150125,3fba9c5ad9d647f5a2f28a15225959ec,Bwato (dugout),yes,,1,1,20000,0,0,0
302125270043,6ebbfc3de5004066b3147d9d2b2fc0f8,Bwato (dugout),yes,,1,1,65000,1,0,0
302125270113,c78681536afc403f911e540ac47eb594,Bwato (dugout),yes,,1,0,30000,0,3000,0
302125270114,a988e774dc644359b0bc719bb1621063,Bwato (dugout),yes,,1,0,12000,0,12000,0
303025320127,24217ba3f5d44ea684f51094685ce544,Plankboat,yes,,1,1,250000,0,0,0
303025350064,101f79de544f4e4cb88663fb64e0a353,Bwato (dugout),yes,,2,1,35000,35000,15000,0
303025350064,101f79de544f4e4cb88663fb64e0a353,Plankboat,yes,,1,1,70000,0,0,0
303025350157,717e78db21a549e9a61f78ff20e802ea,Bwato (dugout),yes,,1,1,35000,0,0,0
303025350174,4025541d86034a008c2cacba37617fc9,Bwato (dugout),yes,,1,1,70000,0,0,0
303025350212,5e6d00ae85c544048c4995d03bdb1455,Bwato (dugout),yes,,1,0,70000,0,7200,0
309036740097,8966c9a882b543989a42aadcbe0c2b58,Bwato (dugout),yes,,1,0,30000,0,2000,0
309036740101,7c28372a44d144c58ecd002d9f654c5d,Bwato (dugout),yes,,1,1,43000,1,0,0
309036740163,51141e135368409ba3fb2e9a5fec3642,Bwato (dugout),yes,,1,1,28000,0,0,0
309056790031,1544f8de831b4651824ae978b29d5348,Bwato (dugout),yes,,1,0,50000,0,200,0
309056790055,540e9b5c8d134bfc8fc6773caaf3da33,Bwato (dugout),yes,,1,0,100000,0,30000,0
309056790203,5dd8c5564a4b4a86b5877e48ba496e02,Bwato (dugout),yes,,1,1,45000,0,0,0
310036980328,2353f7d6f19147e1bf283e8fbf1d0789,Bwato (dugout),yes,,2,0,12000,0,2,25000
310077050169,a1e559ff59974ad4866091d21aeff132,Bwato (dugout),yes,,2,2,160000,160000,0,15000
311027110154,f8cb9614a35e48e48a887462089fa9ca,Bwato (dugout),yes,,1,0,30000,0,45000,0
311057190104,05155a5f72944b468dd8dd4eaf6921ea,Bwato (dugout),yes,,1,0,1,0,1,1000
311077220134,b53dcae63bc1481fbc9c129112df9ba7,Bwato (dugout),yes,,4,0,100000,0,10000,0
